zone_id,year,month,day,avg_load,avg_temperature,season
11,2004,1,1,0.3241017276308414,0.3713235293853497,3
11,2004,1,2,0.3189410957096981,0.471638655397968,3
11,2004,1,3,0.280348377929091,0.6239495798581491,3
11,2004,1,4,0.251113649416499,0.6591386554058463,3
11,2004,1,5,0.2969524696477991,0.5078781511978101,3
11,2004,1,6,0.3664951351603019,0.2363445378250565,3
11,2004,1,7,0.4651460988334592,0.108718487399526,3
11,2004,1,8,0.4457933052544259,0.1717436974862077,3
11,2004,1,9,0.4278624681214873,0.1848739495035661,3
11,2004,1,10,0.545985168983886,0.0,3
11,2004,1,11,0.5040755881423477,0.0724789915996839,3
11,2004,1,12,0.395461463573362,0.3786764705201125,3
11,2004,1,13,0.3720344940897362,0.3545168067375847,3
11,2004,1,14,0.4349158876397225,0.2578781512293226,3
11,2004,1,15,0.4560570749669168,0.2647058823640632,3
11,2004,1,16,0.5353521368157548,0.11186974790386,3
11,2004,1,17,0.4567107001652825,0.1654411764775395,3
11,2004,1,18,0.4025011800966183,0.3240546218203384,3
11,2004,1,19,0.4636424919570432,0.146533613451535,3
11,2004,1,20,0.4884267190559511,0.1071428571473589,3
11,2004,1,21,0.4821564637740469,0.1055672268951919,3
11,2004,1,22,0.4356121745895396,0.272058823498826,3
11,2004,1,23,0.5032371905093377,0.1244747899211964,3
11,2004,1,24,0.5064858231788277,0.2001050420252145,3
11,2004,1,25,0.53059226905007,0.0362394957998419,3
11,2004,1,26,0.4986875222385279,0.1202731091647173,3
11,2004,1,27,0.4412707595428299,0.1675420167297286,3
11,2004,1,28,0.4735167986708232,0.1575630252167043,3
11,2004,1,29,0.4443221888307242,0.2689075629944919,3
11,2004,1,30,0.4598006943420589,0.1769957982427308,3
11,2004,1,31,0.5176661092584081,0.0420168066824376,3
11,2004,2,1,0.4659144300811881,0.0535714285736794,3
11,2004,2,2,0.4464556890052258,0.1428571428211284,3
11,2004,2,3,0.4100033932118446,0.3114495798030021,3
11,2004,2,4,0.3943468959056692,0.2757352941292325,3
11,2004,2,5,0.422361956833615,0.1822478991253045,3
11,2004,2,6,0.3767950683980886,0.3014705881639273,3
11,2004,2,7,0.3473673740647458,0.2914915966509029,3
11,2004,2,8,0.4043620419326788,0.2106092436643112,3
11,2004,2,9,0.4034855032007744,0.255252100851061,3
11,2004,2,10,0.3513963454779606,0.3571428571158463,3
11,2004,2,11,0.3761331084372764,0.2988445377856657,3
11,2004,2,12,0.4018998221040495,0.2962184874074041,3
11,2004,2,13,0.3700650009795126,0.3350840335855077,3
11,2004,2,14,0.3641350487187122,0.3434873949724153,3
11,2004,2,15,0.3787829258541238,0.2379201680772235,3
11,2004,2,16,0.4411383960293547,0.1491596638297966,3
11,2004,2,17,0.4450544979294972,0.2111344537903838,3
11,2004,2,18,0.4042309497891667,0.2442226890858917,3
11,2004,2,19,0.3612867562112738,0.4101890755634533,3
11,2004,2,20,0.3370055677260751,0.4290966385894578,3
11,2004,2,21,0.2995207782479877,0.4143907563199323,3
11,2004,2,22,0.3244071389712575,0.3077731091725955,3
11,2004,2,23,0.3531584642468833,0.2799369747596612,3
11,2004,2,24,0.3579821832634053,0.3287815125768396,3
11,2004,2,25,0.3844906707850212,0.290441176398758,3
11,2004,2,26,0.4021370034598625,0.2489495798423928,3
11,2004,2,27,0.3687614229772986,0.3240546218203384,3
11,2004,2,28,0.3441161986553295,0.3035714285421668,3
11,2004,2,29,0.3107767815963517,0.3623949579984198,3
11,2004,3,1,0.3014635728263076,0.4600840336327765,3
11,2004,3,2,0.2812982325661927,0.5945378150669973,3
11,2004,3,3,0.2717493965629785,0.4868697479196163,3
11,2004,3,4,0.2759881440201127,0.6066176470843117,3
11,2004,3,5,0.2666247867568878,0.6255252101103161,3
11,2004,3,6,0.2455018223991653,0.6024159663278326,3
11,2004,3,7,0.2617496480128347,0.4390756302285326,3
11,2004,3,8,0.3174049982449551,0.3419117647202483,3
11,2004,3,9,0.3374335956136681,0.3072478991725734,3
11,2004,3,10,0.3741771762676276,0.3135504201812416,3
11,2004,3,11,0.3293182998642665,0.3571428571158463,3
11,2004,3,12,0.3140741502161386,0.3912815125374488,3
11,2004,3,13,0.3426679668909644,0.3093487394247625,3
11,2004,3,14,0.3388955297966576,0.4269957983372687,3
11,2004,3,15,0.2797850197946896,0.4989495798108802,3
11,2004,3,16,0.3509561690570638,0.3440126049724375,3
11,2004,3,17,0.358230241782559,0.3151260504334086,3
11,2004,3,18,0.342680539553288,0.3702731092592551,3
11,2004,3,19,0.3402876799063042,0.3965336134200224,3
11,2004,3,20,0.3368789957604751,0.4674369747675393,3
11,2004,3,21,0.2881363665333457,0.4044117646808576,0
11,2004,3,22,0.3734759452142978,0.2300420168163883,0
11,2004,3,23,0.3855713352536966,0.2862394957683293,0
11,2004,3,24,0.3382037631603654,0.4086134453112862,0
11,2004,3,25,0.2871165865821743,0.5919117646887357,0
11,2004,3,26,0.2564683771859194,0.6249999999842437,0
11,2004,3,27,0.2486046714484939,0.6144957983451469,0
11,2004,3,28,0.2744465373194327,0.5567226890149883,0
11,2004,3,29,0.3292013338276569,0.491071428550045,0
11,2004,3,30,0.3412566051945627,0.4049369748069301,0
11,2004,3,31,0.3286860052025944,0.4107142856895258,0
11,2004,4,1,0.3136359513688404,0.4154411764460269,0
11,2004,4,2,0.3209570646812625,0.3786764705201125,0
11,2004,4,3,0.3145821331367797,0.4301470588416028,0
11,2004,4,4,0.3248642670933726,0.3760504201418508,0
11,2004,4,5,0.3715200130446491,0.330882352955079,0
11,2004,4,6,0.3467640384985783,0.4143907563199323,0
11,2004,4,7,0.2942899384296106,0.5640756302758014,0
11,2004,4,8,0.2997034317326932,0.5309873949802935,0
11,2004,4,9,0.2783578363567896,0.4999999999369748,0
11,2004,4,10,0.2652983240953371,0.4952731091804737,0
11,2004,4,11,0.2905182075389393,0.4138655461938599,0
11,2004,4,12,0.3401130784313653,0.3970588235460948,0
11,2004,4,13,0.3086763371426015,0.4285714285894357,0
11,2004,4,14,0.3013403911806093,0.4154411764460269,0
11,2004,4,15,0.3062511283175338,0.4737394957762075,0
11,2004,4,16,0.2936843425371646,0.4952731091804737,0
11,2004,4,17,0.2670468815846528,0.6339285713711735,0
11,2004,4,18,0.2523824766397203,0.7127100839795257,0
11,2004,4,19,0.2706910516890216,0.7500000000315126,0
11,2004,4,20,0.269755888460763,0.7305672268794356,0
11,2004,4,21,0.2566432611762157,0.693802520953521,0
11,2004,4,22,0.2737019383110159,0.6843487394405188,0
11,2004,4,23,0.2724540180379197,0.6759453781796616,0
11,2004,4,24,0.2410852244218207,0.6691176470449209,0
11,2004,4,25,0.2401807153134047,0.6554621849014899,0
11,2004,4,26,0.2562687721017052,0.6045168067060722,0
11,2004,4,27,0.2553915268271333,0.4821428571631151,0
11,2004,4,28,0.2764284618173495,0.4847689075413768,0
11,2004,4,29,0.2678143652524062,0.6213235293538371,0
11,2004,4,30,0.2544930920531757,0.6643907562884197,0
11,2004,5,1,0.2467763001668572,0.6869747899448309,0
11,2004,5,2,0.2571824633152206,0.6974789915839277,0
11,2004,5,3,0.258192637371305,0.4884453781717834,0
11,2004,5,4,0.2704292907512435,0.4942226890543791,0
11,2004,5,5,0.2694736443289443,0.5929621848148303,0
11,2004,5,6,0.2608626555685453,0.6412815126319866,0
11,2004,5,7,0.280089583521227,0.7211134453664334,0
11,2004,5,8,0.2443161992881666,0.6785714285579232,0
11,2004,5,9,0.2601015287506076,0.7494747899054401,0
11,2004,5,10,0.3100083090739925,0.7536764705358687,0
11,2004,5,11,0.3402585797734918,0.7279411765011738,0
11,2004,5,12,0.3486391678178812,0.7431722688967719,0
11,2004,5,13,0.354434213486248,0.7526260504097741,0
11,2004,5,14,0.3560261100564487,0.7620798319227764,0
11,2004,5,15,0.356681995581093,0.7526260504097741,0
11,2004,5,16,0.3256971556938646,0.7142857142316927,0
11,2004,5,17,0.3342589848156885,0.7148109243577652,0
11,2004,5,18,0.353973271355953,0.7211134453664334,0
11,2004,5,19,0.3273483827267328,0.7090336134751694,0
11,2004,5,20,0.2853793301478965,0.7316176470055302,0
11,2004,5,21,0.3212126100438552,0.7421218487706773,0
11,2004,5,22,0.3715848529127696,0.7862394958313546,0
11,2004,5,23,0.4145478342874298,0.8209033613790295,0
11,2004,5,24,0.4308562619710522,0.8287815126398648,0
11,2004,5,25,0.4062214913614681,0.7998949579747854,0
11,2004,5,26,0.3566394752059815,0.7447478991489389,0
11,2004,5,27,0.3412653634079648,0.7452731092750113,0
11,2004,5,28,0.3388823923070384,0.7011554622143341,0
11,2004,5,29,0.2829274225536028,0.6481092436406768,0
11,2004,5,30,0.2557034362580923,0.6596638655319187,0
11,2004,5,31,0.280931371711461,0.7373949580141763,0
11,2004,6,1,0.3002504033322041,0.6901260504491649,0
11,2004,6,2,0.311956189132165,0.7022058823404289,0
11,2004,6,3,0.3140447674323559,0.7274159663751014,0
11,2004,6,4,0.2694177040505657,0.6255252101103161,0
11,2004,6,5,0.2540695845808172,0.6108193277147402,0
11,2004,6,6,0.2469815557955421,0.6712184874231604,0
11,2004,6,7,0.2931461292527654,0.7032563024665235,0
11,2004,6,8,0.3311913103353403,0.7542016806619412,0
11,2004,6,9,0.402962546355933,0.796218487344379,0
11,2004,6,10,0.427163356018096,0.7794117646966139,0
11,2004,6,11,0.2905888391922575,0.7468487395271786,0
11,2004,6,12,0.2652354619364281,0.687499999944853,0
11,2004,6,13,0.2514779675652075,0.7195378151142662,0
11,2004,6,14,0.3306208890118747,0.805147058857359,0
11,2004,6,15,0.3981372735558,0.8025210083530472,0
11,2004,6,16,0.3913919493586343,0.805147058857359,0
11,2004,6,17,0.4238053855317753,0.8392857142789616,0
11,2004,6,18,0.441955321749331,0.8308823528920539,0
11,2004,6,19,0.4074681401289883,0.7552521007880357,0
11,2004,6,20,0.2846156605900325,0.649684873892844,0
11,2004,6,21,0.3028425854463351,0.6932773109534991,1
11,2004,6,22,0.3666080046733743,0.7998949579747854,1
11,2004,6,23,0.3479349702346372,0.7384453781402709,1
11,2004,6,24,0.3737391187966694,0.7668067226792776,1
11,2004,6,25,0.369366312327077,0.7389705882663433,1
11,2004,6,26,0.3478232310542202,0.7258403361229344,1
11,2004,6,27,0.3047030234924078,0.6796218486840178,1
11,2004,6,28,0.3323070081322692,0.7037815125925959,1
11,2004,6,29,0.3358302568155086,0.7100840336012639,1
11,2004,6,30,0.3565275946492245,0.7305672268794356,1
11,2004,7,1,0.3932991456796957,0.7394957982663655,1
11,2004,7,2,0.4287594904881739,0.7836134453270427,1
11,2004,7,3,0.404844880105027,0.7951680672182844,1
11,2004,7,4,0.3862186039412787,0.803571428605192,1
11,2004,7,5,0.4683873856968181,0.839810924405034,1
11,2004,7,6,0.4441378401860678,0.8335084033963658,1
11,2004,7,7,0.4258387298928361,0.7888655462096161,1
11,2004,7,8,0.4402735817017345,0.7909663865878558,1
11,2004,7,9,0.4188227452698598,0.7983193277226184,1
11,2004,7,10,0.3931272283210229,0.764180672301016,1
11,2004,7,11,0.415752810598846,0.8103991596138824,1
11,2004,7,12,0.3991150980947685,0.8114495798660273,1
11,2004,7,13,0.3939935960932221,0.8109243697399549,1
11,2004,7,14,0.401365140515892,0.8140756302442889,1
11,2004,7,15,0.3844296450267901,0.7626050420488488,1
11,2004,7,16,0.3828959490612463,0.7478991596532731,1
11,2004,7,17,0.4018467073182771,0.6827731091883518,1
11,2004,7,18,0.3388689724037714,0.7279411765011738,1
11,2004,7,19,0.3723493700506091,0.7400210083924379,1
11,2004,7,20,0.4065269025662714,0.7489495797793677,1
11,2004,7,21,0.4182194097036923,0.7762605041922799,1
11,2004,7,22,0.4305483080263226,0.7825630252009481,1
11,2004,7,23,0.4086958597234012,0.8030462184791196,1
11,2004,7,24,0.3402482674374467,0.7689075630575171,1
11,2004,7,25,0.3178187585475961,0.7300420167533632,1
11,2004,7,26,0.3385049368043235,0.7605042016706094,1
11,2004,7,27,0.4198464805038415,0.7820378150748755,1
11,2004,7,28,0.3722609393195163,0.7904411764617831,1
11,2004,7,29,0.396709948877173,0.7605042016706094,1
11,2004,7,30,0.4425962335870973,0.8130252101181943,1
11,2004,7,31,0.4655183274799816,0.8366596639007,1
11,2004,8,1,0.4065983816978554,0.8177521008746955,1
11,2004,8,2,0.3937872103692045,0.8124999999921219,1
11,2004,8,3,0.3898541568695533,0.8109243697399549,1
11,2004,8,4,0.441421346364809,0.8151260503703834,1
11,2004,8,5,0.3586822843231119,0.7321428571316027,1
11,2004,8,6,0.2916122920125913,0.6407563025059142,1
11,2004,8,7,0.2611672192950827,0.6460084033884876,1
11,2004,8,8,0.2796748343978835,0.6759453781796616,1
11,2004,8,9,0.347637045873273,0.7137605042316706,1
11,2004,8,10,0.3907667180894455,0.7652310924271106,1
11,2004,8,11,0.4100618762301494,0.7878151260835216,1
11,2004,8,12,0.4066739576920088,0.7058823529708353,1
11,2004,8,13,0.3661791292058058,0.6964285714578331,1
11,2004,8,14,0.3043793891825199,0.63760504200158,1
11,2004,8,15,0.3049564499050619,0.672268907549255,1
11,2004,8,16,0.3347747372307387,0.7195378151142662,1
11,2004,8,17,0.3518746633367839,0.7279411765011738,1
11,2004,8,18,0.379506052949507,0.7563025210401808,1
11,2004,8,19,0.4282427491168084,0.8188025210007901,1
11,2004,8,20,0.4683708578872972,0.8030462184791196,1
11,2004,8,21,0.423088473909868,0.7589285714184424,1
11,2004,8,22,0.3008711144234808,0.6827731091883518,1
11,2004,8,23,0.3264417547022814,0.7142857142316927,1
11,2004,8,24,0.3658458888991212,0.7352941176359367,1
11,2004,8,25,0.3603240467355232,0.7310924370055081,1
11,2004,8,26,0.3726273762825507,0.7405462185185103,1
11,2004,8,27,0.3941063242299545,0.7788865545705415,1
11,2004,8,28,0.4062368888383338,0.8266806722616251,1
11,2004,8,29,0.4012341894096878,0.8182773108747174,1
11,2004,8,30,0.3971968835730585,0.8077731092356206,1
11,2004,8,31,0.4111380200462679,0.7820378150748755,1
11,2004,9,1,0.3526479386880256,0.7274159663751014,1
11,2004,9,2,0.3448859426493614,0.7158613444838597,1
11,2004,9,3,0.3488441411346277,0.6974789915839277,1
11,2004,9,4,0.3452882603850117,0.7331932772576972,1
11,2004,9,5,0.3000277723479262,0.723739495744695,1
11,2004,9,6,0.3025589286699228,0.693802520953521,1
11,2004,9,7,0.3457213737524574,0.7662815125532052,1
11,2004,9,8,0.381298967011193,0.7704831933096841,1
11,2004,9,9,0.3890979741551283,0.7536764705358687,1
11,2004,9,10,0.3489098285827237,0.7090336134751694,1
11,2004,9,11,0.3093326465589431,0.7132352941055982,1
11,2004,9,12,0.2988215247682565,0.7216386554925058,1
11,2004,9,13,0.3227342986151126,0.725315125996862,1
11,2004,9,14,0.3105671467931594,0.6780462184318508,1
11,2004,9,15,0.2972950332325039,0.6985294117100223,1
11,2004,9,16,0.3353275006154473,0.723739495744695,1
11,2004,9,17,0.3569583066530837,0.7578781512923478,1
11,2004,9,18,0.3126510634373887,0.655987394901512,1
11,2004,9,19,0.2399318093498884,0.5856092436800675,1
11,2004,9,20,0.2589054521306431,0.5488445377541531,1
11,2004,9,21,0.2776108358830768,0.601365546201738,1
11,2004,9,22,0.2989233756399386,0.6717436974231825,1
11,2004,9,23,0.3156010655418789,0.6685924369188485,2
11,2004,9,24,0.2962369709078077,0.6796218486840178,2
11,2004,9,25,0.2739559297543847,0.6796218486840178,2
11,2004,9,26,0.2712236144628534,0.6706932772970879,2
11,2004,9,27,0.2848155481896041,0.6491596638928219,2
11,2004,9,28,0.3275234079916594,0.6796218486840178,2
11,2004,9,29,0.2847252809222206,0.685924369692686,2
11,2004,9,30,0.2806286443856016,0.6470588235145822,2
11,2004,10,1,0.2675975260533261,0.6523109243971559,2
11,2004,10,2,0.258600464614118,0.685924369692686,2
11,2004,10,3,0.2466665385600388,0.6307773108668393,2
11,2004,10,4,0.2591738524674976,0.6092436974625732,2
11,2004,10,5,0.25961106246019,0.5147058823325505,2
11,2004,10,6,0.26728137872249,0.4753151260283746,2
11,2004,10,7,0.2708488428390823,0.5220588234673134,2
11,2004,10,8,0.2622155344839647,0.5551470587628213,2
11,2004,10,9,0.2464782345308627,0.5861344538061402,2
11,2004,10,10,0.2437623057742219,0.6129201680929799,2
11,2004,10,11,0.2622946419370373,0.4984243696848078,2
11,2004,10,12,0.2776787835557417,0.4852941176674493,2
11,2004,10,13,0.2808731712085137,0.5189075629629794,2
11,2004,10,14,0.2597988014247481,0.5976890755713316,2
11,2004,10,15,0.2541075844389845,0.566701680654063,2
11,2004,10,16,0.2537931322680994,0.471638655397968,2
11,2004,10,17,0.2653641528180634,0.4795168066588032,2
11,2004,10,18,0.2799193612207955,0.4711134453979459,2
11,2004,10,19,0.2641498532286271,0.6102941175886678,2
11,2004,10,20,0.2691289617943009,0.5393907562411508,2
11,2004,10,21,0.2749038067161781,0.5393907562411508,2
11,2004,10,22,0.2731325058082528,0.5278361344759595,2
11,2004,10,23,0.2716454267413578,0.4921218486761395,2
11,2004,10,24,0.2751596345941282,0.5299369747281486,2
11,2004,10,25,0.2787749869793323,0.5577731092671332,2
11,2004,10,26,0.2728080239522928,0.5231092437194584,2
11,2004,10,27,0.2789145551599212,0.5162815125847178,2
11,2004,10,28,0.2793366499876862,0.5582983192671553,2
11,2004,10,29,0.2710107306143897,0.5892857143104742,2
11,2004,10,30,0.2479728005768095,0.7184873949881716,2
11,2004,10,31,0.2417994518257523,0.7121848739795036,2
11,2004,11,1,0.2543771148711718,0.5840336134279005,2
11,2004,11,2,0.2639386645740175,0.6407563025059142,2
11,2004,11,3,0.2595391594369086,0.5976890755713316,2
11,2004,11,4,0.2907329277880809,0.4800420167848757,2
11,2004,11,5,0.2864252438375794,0.4700630251458009,2
11,2004,11,6,0.2874761017324844,0.4632352941371107,2
11,2004,11,7,0.2632145487257381,0.5462184873758915,2
11,2004,11,8,0.292034669389617,0.4527310923719634,2
11,2004,11,9,0.3472861477634443,0.3040966386682393,2
11,2004,11,10,0.3514873192880117,0.3581932772419409,2
11,2004,11,11,0.3228797998555295,0.4658613445153723,2
11,2004,11,12,0.3136490888584596,0.4359243697241985,2
11,2004,11,13,0.3269299607681301,0.383928571402686,2
11,2004,11,14,0.3480027766326718,0.3009453781639052,2
11,2004,11,15,0.3423492768202021,0.3371848739637472,2
11,2004,11,16,0.3309578020521089,0.4054621848069522,2
11,2004,11,17,0.3216145041929369,0.4485294117415349,2
11,2004,11,18,0.3068061519268114,0.5572478991410608,2
11,2004,11,19,0.2822722432325941,0.5551470587628213,2
11,2004,11,20,0.2647855382102009,0.5677521007801576,2
11,2004,11,21,0.2614421177563832,0.5351890756107223,2
11,2004,11,22,0.2954827659704005,0.5010504201891197,2
11,2004,11,23,0.2892584211800903,0.5042016806934537,2
11,2004,11,24,0.285913588047776,0.5467436975019639,2
11,2004,11,25,0.2745649159667325,0.4464285713632953,2
11,2004,11,26,0.3279442314494613,0.2935924369030921,2
11,2004,11,27,0.3283636422965729,0.3671218487549211,2
11,2004,11,28,0.2745594066968921,0.4248949579590291,2
11,2004,11,29,0.3304881015049926,0.3513655462332506,2
11,2004,11,30,0.3434509897509555,0.4133403360677875,2
11,2004,12,1,0.3175404698002971,0.4374999999763655,2
11,2004,12,2,0.3438537312765934,0.3209033613160043,2
11,2004,12,3,0.3510470014907749,0.3356092437115802,2
11,2004,12,4,0.3586223885585041,0.2967436974074262,2
11,2004,12,5,0.3193503355632013,0.4059873949330246,2
11,2004,12,6,0.3301309877860752,0.4338235293459589,2
11,2004,12,7,0.3074833683271813,0.5420168067454629,2
11,2004,12,8,0.2846344486241224,0.510504201702122,2
11,2004,12,9,0.3237727253596468,0.3697478991331827,2
11,2004,12,10,0.2917183807841507,0.4401260503546272,2
11,2004,12,11,0.2955734570277717,0.4054621848069522,2
11,2004,12,12,0.333048781851499,0.3529411764854176,2
11,2004,12,13,0.3481676309378933,0.3524159663593452,2
11,2004,12,14,0.40293711895667,0.2310924369424828,2
11,2004,12,15,0.4346452268748799,0.1743697478644693,2
11,2004,12,16,0.4322482707043589,0.2106092436643112,2
11,2004,12,17,0.3748885786196947,0.3282563024507671,2
11,2004,12,18,0.3868698277760581,0.2484243697163203,2
11,2004,12,19,0.3904194927131663,0.2526260503467489,2
11,2004,12,20,0.5720185879292725,0.0451680671867717,2
11,2004,12,21,0.4792116885257492,0.3030462184160944,3
11,2004,12,22,0.3754612599304068,0.4695378151457789,3
11,2004,12,23,0.3252763322360628,0.4590336133806317,3
11,2004,12,24,0.4065722480949569,0.180147058747065,3
11,2004,12,25,0.4400556126107406,0.1318277310559591,3
11,2004,12,26,0.4593059900500545,0.1617647058471329,3
11,2004,12,27,0.4756833541253347,0.1769957982427308,3
11,2004,12,28,0.4814654036804222,0.1985294117730474,3
11,2004,12,29,0.3950450190527452,0.3981092436721894,3
11,2004,12,30,0.3599878398989246,0.3912815125374488,3
11,2004,12,31,0.3475446596559509,0.5026260504412867,3
11,2005,1,1,0.2983481513519779,0.5178571428368848,3
11,2005,1,2,0.324425926971444,0.4543067226241306,3
11,2005,1,3,0.302905447605244,0.5814075630496389,3
11,2005,1,4,0.2869175465286749,0.639180672253747,3
11,2005,1,5,0.3361010586176591,0.4968487394326407,3
11,2005,1,6,0.3294344183209006,0.4989495798108802,3
11,2005,1,7,0.3264296060333647,0.3939075630417608,3
11,2005,1,8,0.3358097736214679,0.4264705882111962,3
11,2005,1,9,0.3551357272922577,0.3235294116942659,3
11,2005,1,10,0.3540509659610129,0.4180672268242886,3
11,2005,1,11,0.3566814304147653,0.4469537814893677,3
11,2005,1,12,0.3167253803792892,0.548319327754131,3
11,2005,1,13,0.2896276835001179,0.6460084033884876,3
11,2005,1,14,0.3090429154819757,0.4175420168242664,3
11,2005,1,15,0.392339543771167,0.2400210083294126,3
11,2005,1,16,0.4131866208468865,0.2289915965642433,3
11,2005,1,17,0.4877421571884821,0.0777310923562071,3
11,2005,1,18,0.5651290340989754,0.0299369747911737,3
11,2005,1,19,0.5536419240682887,0.1596638654688933,3
11,2005,1,20,0.461644180788623,0.2783613445074941,3
11,2005,1,21,0.4843661047699975,0.1638655462253725,3
11,2005,1,22,0.5424123369737934,0.14548319319939,3
11,2005,1,23,0.5592877953219476,0.0425420168085101,3
11,2005,1,24,0.550855222146377,0.0661764705910158,3
11,2005,1,25,0.4689003129582942,0.2436974789598192,3
11,2005,1,26,0.425318315787921,0.4065126050590971,3
11,2005,1,27,0.523532634058359,0.1559873949645372,3
11,2005,1,28,0.5622783402279506,0.0982142856343787,3
11,2005,1,29,0.5018747056988312,0.1780462184948759,3
11,2005,1,30,0.4528924937523024,0.255252100851061,3
11,2005,1,31,0.4662116478998848,0.2095588235382167,3
11,2005,2,1,0.4493635945245923,0.2326680671946498,3
11,2005,2,2,0.4556102589435243,0.2337184873207444,3
11,2005,2,3,0.4463541204454819,0.2909663865248305,3
11,2005,2,4,0.4234895206145871,0.3335084033333407,3
11,2005,2,5,0.3771644718910369,0.3135504201812416,3
11,2005,2,6,0.3673791610746773,0.3193277310638373,3
11,2005,2,7,0.3768926814716031,0.4017857143025959,3
11,2005,2,8,0.3701980710356554,0.4968487394326407,3
11,2005,2,9,0.3412898018509124,0.489495798297878,3
11,2005,2,10,0.3636130808301862,0.3156512604334307,3
11,2005,2,11,0.4239665667644152,0.2127100840425508,3
11,2005,2,12,0.3916860596101091,0.3650210083766815,3
11,2005,2,13,0.3594436935546974,0.330882352955079,3
11,2005,2,14,0.3685464200771867,0.397584033546117,3
11,2005,2,15,0.3128193080625119,0.4831932772892097,3
11,2005,2,16,0.3197828838660289,0.4401260503546272,3
11,2005,2,17,0.3782434411997615,0.287289915894424,3
11,2005,2,18,0.4428738160290512,0.1927521007644013,3
11,2005,2,19,0.4529191925215285,0.1806722688731374,3
11,2005,2,20,0.4152518908333659,0.287289915894424,3
11,2005,2,21,0.3430452813563714,0.4653361343892998,3
11,2005,2,22,0.3596694325808421,0.4243697478329567,3
11,2005,2,23,0.3685409108073464,0.3665966386288485,3
11,2005,2,24,0.4476514829742201,0.2526260503467489,3
11,2005,2,25,0.4465064024274118,0.2242647058077421,3
11,2005,2,26,0.4140768625737696,0.2746848738770876,3
11,2005,2,27,0.393914630118199,0.2773109243813996,3
11,2005,2,28,0.4259068187045184,0.2415966385815796,3
11,2005,3,1,0.4205039201511287,0.2295168066903158,3
11,2005,3,2,0.4404411201232222,0.1964285713948079,3
11,2005,3,3,0.4539307792222063,0.180147058747065,3
11,2005,3,4,0.4196967416008699,0.2132352940425729,3
11,2005,3,5,0.383461708694847,0.2946428571552371,3
11,2005,3,13,0.3396846267537846,0.34453781509851,3
11,2005,3,14,0.3600388360737904,0.3040966386682393,3
11,2005,3,15,0.3867975010644986,0.2988445377856657,3
11,2005,3,16,0.3770686953538131,0.3329831932072682,3
11,2005,3,17,0.3763068623322398,0.3382352940898418,3
11,2005,3,18,0.354310325433495,0.3581932772419409,3
11,2005,3,19,0.3333000893142145,0.4233193277068621,3
11,2005,3,20,0.3054281281613896,0.4332983193459368,3
11,2005,3,21,0.3264587063017901,0.3728991596375168,0
11,2005,3,22,0.3439016195452054,0.3912815125374488,0
11,2005,3,23,0.354082185382796,0.4406512604806996,0
11,2005,3,24,0.3621991760548261,0.4023109243026181,0
11,2005,3,25,0.3397761653911312,0.3739495797636114,0
11,2005,3,26,0.3183223623276329,0.418592436950361,0
11,2005,3,27,0.3203051344055252,0.4238445378329346,0
11,2005,3,28,0.3174510501128891,0.4385504201024601,0
11,2005,3,29,0.3079204370791467,0.5115546218282165,0
11,2005,3,30,0.3007766092562202,0.5126050419543111,0
11,2005,3,31,0.3249720510248828,0.5572478991410608,0
11,2005,4,1,0.2922878132530105,0.508928571449955,0
11,2005,4,2,0.2915330432848885,0.4695378151457789,0
11,2005,4,3,0.3237913721191063,0.4543067226241306,0
11,2005,4,4,0.3051758318440684,0.5362394957368168,0
11,2005,4,5,0.2936991751867347,0.5630252100236566,0
11,2005,4,6,0.2770319387598569,0.6743697479274944,0
11,2005,4,7,0.2616987932143088,0.6586134454058241,0
11,2005,4,8,0.2626699785915232,0.598214285697404,0
11,2005,4,9,0.2774558700222031,0.5194327730890518,0
11,2005,4,10,0.2767804900225111,0.5477941176280585,0
11,2005,4,11,0.2751001627212176,0.5714285714105642,0
11,2005,4,12,0.3110727282485045,0.4616596638849436,0
11,2005,4,13,0.2962388073084856,0.4847689075413768,0
11,2005,4,14,0.3019998084014952,0.4805672269109481,0
11,2005,4,15,0.3162148547187219,0.4663865546414448,0
11,2005,4,16,0.3164404522329138,0.454831932750203,0
11,2005,4,17,0.2976500279675795,0.5126050419543111,0
11,2005,4,18,0.2679785132522826,0.6176470588494809,0
11,2005,4,19,0.2715629289683835,0.6570378151536571,0
11,2005,4,20,0.2737361240253905,0.6896008403230924,0
11,2005,4,21,0.2634860568671369,0.6102941175886678,0
11,2005,4,22,0.2722422643186921,0.5672268907801354,0
11,2005,4,23,0.2580358350758501,0.5393907562411508,0
11,2005,4,24,0.2612355907577353,0.3765756302679233,0
11,2005,4,25,0.2876789558958733,0.4705882352718735,0
11,2005,4,26,0.2791931264225776,0.5236344537194804,0
11,2005,4,27,0.2643272799927529,0.5472689075019861,0
11,2005,4,28,0.2654798474847098,0.5267857142238146,0
11,2005,4,29,0.2705283163337387,0.5189075629629794,0
11,2005,4,30,0.2592601643503613,0.5961134453191645,0
11,2005,5,1,0.2431157435275978,0.5336134453585553,0
11,2005,5,2,0.2694103583461443,0.4280462184633632,0
11,2005,5,3,0.2816063278872621,0.4380252101024379,0
11,2005,5,4,0.2900958301958169,0.489495798297878,0
11,2005,5,5,0.2892786218248703,0.5078781511978101,0
11,2005,5,6,0.303542262716054,0.5068277310717155,0
11,2005,5,7,0.2796584478290896,0.5084033613238825,0
11,2005,5,8,0.2476250102376218,0.6018907563278104,0
11,2005,5,9,0.2511813145738064,0.6076680672104062,0
11,2005,5,10,0.2576466546263998,0.6706932772970879,0
11,2005,5,11,0.2635708148646801,0.7337184873837697,0
11,2005,5,12,0.259315680838752,0.7142857142316927,0
11,2005,5,13,0.2594722006188495,0.634453781497246,0
11,2005,5,14,0.2689143828197896,0.7127100839795257,0
11,2005,5,15,0.2570561738988813,0.6801470588100902,0
11,2005,5,16,0.262872267690294,0.5835084033018281,0
11,2005,5,17,0.2656742258144411,0.566701680654063,0
11,2005,5,18,0.2661798072697861,0.6218487394799097,0
11,2005,5,19,0.2644021495459484,0.6365546218754854,0
11,2005,5,20,0.2832370717599928,0.5614495797714896,0
11,2005,5,21,0.2642423807205795,0.5745798319148983,0
11,2005,5,22,0.2545977681801415,0.6260504201103383,0
11,2005,5,23,0.263386183670763,0.6118697478408348,0
11,2005,5,24,0.2746250941449881,0.5315126049803156,0
11,2005,5,25,0.290937759626778,0.5625000000236344,0
11,2005,5,26,0.2801949659535379,0.6502100840189164,0
11,2005,5,27,0.2795020693236225,0.6801470588100902,0
11,2005,5,28,0.2660287967934322,0.6265756302364107,0
11,2005,5,29,0.256568109107663,0.6386554621276745,0
11,2005,5,30,0.2654650148351398,0.6118697478408348,0
11,2005,5,31,0.2723650221404993,0.6538865546493229,0
11,2005,6,1,0.2775478324495375,0.6628151260362527,0
11,2005,6,2,0.2659776594456456,0.618172268849503,0
11,2005,6,3,0.2674757570522213,0.651260504145011,0
11,2005,6,4,0.2677139270253176,0.7379201680141982,0
11,2005,6,5,0.3087670281999727,0.7904411764617831,0
11,2005,6,6,0.3769011572713574,0.7951680672182844,0
11,2005,6,7,0.3891851338552898,0.8061974789834536,0
11,2005,6,8,0.4252106731310411,0.7941176470921898,0
11,2005,6,9,0.4264350024055524,0.7909663865878558,0
11,2005,6,10,0.4182301454906931,0.835084033648533,0
11,2005,6,11,0.4101977714398663,0.8277310923877199,0
11,2005,6,12,0.4072679698784465,0.7998949579747854,0
11,2005,6,13,0.443342527755465,0.8377100840267946,0
11,2005,6,14,0.4967589953807729,0.8671218486918959,0
11,2005,6,15,0.4818869333418596,0.8214285713790517,0
11,2005,6,16,0.4129374323341095,0.7521008402837017,0
11,2005,6,17,0.3331103726743482,0.6848739495665914,0
11,2005,6,18,0.3204089629525156,0.6596638655319187,0
11,2005,6,19,0.2849361870953761,0.7006302520882617,0
11,2005,6,27,0.3776442021571312,0.8293067226398869,1
11,2005,6,28,0.45703956119575,0.8419117646572232,1
11,2005,6,29,0.3989205784904069,0.8377100840267946,1
11,2005,6,30,0.422224789914903,0.8272058823876978,1
11,2005,7,1,0.4512247387743005,0.8240546218833635,1
11,2005,7,2,0.4161900204898289,0.8119747898660494,1
11,2005,7,3,0.3804648072780602,0.7935924369661174,1
11,2005,7,4,0.3854868596698013,0.8161764706225283,1
11,2005,7,5,0.4247469055081401,0.8324579831442209,1
11,2005,7,6,0.4293262387390579,0.8103991596138824,1
11,2005,7,7,0.3671904334928358,0.7116596638534312,1
11,2005,7,8,0.3434177927555737,0.7552521007880357,1
11,2005,7,9,0.3910331406153789,0.7678571428053722,1
11,2005,7,10,0.4145003698088057,0.7552521007880357,1
11,2005,7,11,0.4408212597422033,0.8135504201182164,1
11,2005,7,12,0.485321468778649,0.8340336133963879,1
11,2005,7,13,0.4511738839757746,0.8198529411268847,1
11,2005,7,14,0.3961512522970235,0.7920168067139504,1
11,2005,7,15,0.4091258651845929,0.8219537815051241,1
11,2005,7,16,0.4268107627483164,0.8482142856658914,1
11,2005,7,17,0.4675910843099,0.8356092436485549,1
11,2005,7,18,0.5034940072418935,0.8587184874310385,1
11,2005,7,19,0.538373759428169,0.8450630251615572,1
11,2005,7,20,0.5219996446354828,0.8539915966745373,1
11,2005,7,21,0.5030450722685625,0.8266806722616251,1
11,2005,7,22,0.514299804348673,0.8392857142789616,1
11,2005,7,23,0.4829482448474401,0.8340336133963879,1
11,2005,7,24,0.4196892544183989,0.7757352940662074,1
11,2005,7,25,0.4581746121591931,0.8939075629787356,1
11,2005,7,26,0.5420297956521939,0.8692226890701353,1
11,2005,7,27,0.5721731298984488,0.8676470588179683,1
11,2005,7,28,0.4401587346150635,0.7594537815445148,1
11,2005,7,29,0.3876378766101392,0.7757352940662074,1
11,2005,7,30,0.3869291583743383,0.7988445378486908,1
11,2005,7,31,0.381827009335887,0.7841386554531151,1
11,2005,8,1,0.4345906993428045,0.7773109243183745,1
11,2005,8,2,0.4802550594755057,0.8203781512529571,1
11,2005,8,3,0.5159644514204209,0.8251050420094581,1
11,2005,8,4,0.5118385731373271,0.838235294152867,1
11,2005,8,5,0.5298661754247728,0.8455882352876298,1
11,2005,8,6,0.461295119215085,0.8135504201182164,1
11,2005,8,7,0.4176523787001285,0.8177521008746955,1
11,2005,8,8,0.4535916058556937,0.8009453781008802,1
11,2005,8,9,0.3768130089539125,0.7773109243183745,1
11,2005,8,10,0.4272178835501715,0.8040966386052142,1
11,2005,8,11,0.4991014240192184,0.8156512604964559,1
11,2005,8,12,0.5351484352080034,0.8592436974310607,1
11,2005,8,13,0.5535722811339635,0.8771008403309706,1
11,2005,8,14,0.5443408638315484,0.8618697479353725,1
11,2005,8,15,0.512663551206102,0.8308823528920539,1
11,2005,8,16,0.4152961063684282,0.7920168067139504,1
11,2005,8,17,0.4207714730097173,0.7914915965878777,1
11,2005,8,18,0.4199117441619497,0.7326680672576751,1
11,2005,8,19,0.3734044660827137,0.8014705882269526,1
11,2005,8,20,0.4366222071675745,0.8550420168006319,1
11,2005,8,21,0.4973695353767315,0.8172268907486229,1
11,2005,8,22,0.4423512829741975,0.7689075630575171,1
11,2005,8,23,0.3797197844796557,0.7300420167533632,1
11,2005,8,24,0.3759063807938483,0.7473739495272005,1
11,2005,8,25,0.352642711831833,0.7274159663751014,1
11,2005,8,26,0.3425080570282877,0.7106092437273366,1
11,2005,8,27,0.3280847884846559,0.7053571428447629,1
11,2005,8,28,0.3880088338866985,0.7883403360835437,1
11,2005,8,29,0.427962906348576,0.7862394958313546,1
11,2005,8,30,0.441051377705533,0.8214285713790517,1
11,2005,8,31,0.4879378067864669,0.8230042016312187,1
11,2005,9,1,0.4058494037522536,0.7421218487706773,1
11,2005,9,2,0.4036180080905896,0.7589285714184424,1
11,2005,9,3,0.3620997267840528,0.7100840336012639,1
11,2005,9,4,0.3242753402850779,0.687499999944853,1
11,2005,9,5,0.3197325941321211,0.6675420167927539,1
11,2005,9,6,0.3131834849365902,0.6706932772970879,1
11,2005,9,7,0.3177554725647961,0.6444327731363206,1
11,2005,9,8,0.3294363959962089,0.6649159664144921,1
11,2005,9,9,0.3407941089416247,0.6927521008274264,1
11,2005,9,17,0.431433746347969,0.7710084033097062,1
11,2005,9,18,0.37207659067486,0.7142857142316927,1
11,2005,9,19,0.3725029234025021,0.7211134453664334,1
11,2005,9,20,0.3877373258809125,0.7557773109141084,1
11,2005,9,21,0.354292526254011,0.728466386501196,1
11,2005,9,22,0.3463460401943505,0.7610294117966818,1
11,2005,9,23,0.4160330771570661,0.7925420168400228,2
11,2005,9,24,0.3177492569896107,0.7127100839795257,2
11,2005,9,25,0.3022289375441225,0.7463235294011059,2
11,2005,9,26,0.3469497998895378,0.7752100840661853,2
11,2005,9,27,0.325713966018743,0.7100840336012639,2
11,2005,9,28,0.2964095946735351,0.6475840336406546,2
11,2005,9,29,0.2927079304054673,0.652836134397178,2
11,2005,9,30,0.2674226420630297,0.5299369747281486,2
11,2005,10,1,0.2620708808235233,0.6207983193538149,2
11,2005,10,2,0.2609735472706966,0.6654411764145143,2
11,2005,10,3,0.2830381729811237,0.6591386554058463,2
11,2005,10,4,0.306114526666859,0.655987394901512,2
11,2005,10,5,0.3025466387602791,0.726890756249029,2
11,2005,10,6,0.3258290956207713,0.7363445377620312,2
11,2005,10,7,0.3397956597305661,0.7426470587706995,2
11,2005,10,8,0.3267710395227367,0.6848739495665914,2
11,2005,10,9,0.2498030082591241,0.6302521008668174,2
11,2005,10,10,0.2710266933592926,0.631302520992912,2
11,2005,10,11,0.2758045016808014,0.6507352941449889,2
11,2005,10,12,0.2716984004898223,0.634453781497246,2
11,2005,10,13,0.2755050234341166,0.6055672268321668,2
11,2005,10,14,0.2675137569103886,0.6281512604885777,2
11,2005,10,15,0.2593216138985801,0.6444327731363206,2
11,2005,10,16,0.2477336417491074,0.561974789897562,2
11,2005,10,17,0.268065107684407,0.5183823529629572,2
11,2005,10,18,0.2762718007965249,0.634453781497246,2
11,2005,10,19,0.2766047584522393,0.6071428570843338,2
11,2005,10,20,0.269631576719732,0.5940126050669752,2
11,2005,10,21,0.2791181155947518,0.5309873949802935,2
11,2005,10,22,0.2650631206521548,0.5372899159889617,2
11,2005,10,23,0.2556224923704385,0.5099789915760495,2
11,2005,10,24,0.2976001620236593,0.4600840336327765,2
11,2005,10,25,0.3115817000237512,0.3676470587549431,2
11,2005,10,26,0.316835424501465,0.4238445378329346,2
11,2005,10,27,0.315160041439297,0.3849789915287806,2
11,2005,10,28,0.3242448274059623,0.4070378150591192,2
11,2005,10,29,0.3415493026997344,0.3923319327895937,2
11,2005,10,30,0.3034357501545069,0.4432773108589612,2
11,2005,10,31,0.296130740861618,0.4711134453979459,2
11,2005,11,1,0.286381875984202,0.5141806722064781,2
11,2005,11,2,0.2877310820643623,0.4789915966587811,2
11,2005,11,3,0.3066948364346724,0.4984243696848078,2
11,2005,11,4,0.2772466590089986,0.566701680654063,2
11,2005,11,5,0.2578784677496805,0.596638655445237,2
11,2005,11,6,0.2524488704270646,0.634453781497246,2
11,2005,11,7,0.2658104036751282,0.5204831932151464,2
11,2005,11,8,0.2832528932641686,0.5052521008195483,2
11,2005,11,9,0.2734454040938174,0.6775210084318286,2
11,2005,11,10,0.28453655313696,0.4810924369109703,2
11,2005,11,11,0.3279375920842882,0.3723739495114442,2
11,2005,11,12,0.3181972030066264,0.4070378150591192,2
11,2005,11,13,0.2807357219778634,0.5267857142238146,2
11,2005,11,14,0.2691193558992138,0.598214285697404,2
11,2005,11,15,0.2727056080498958,0.6549369747754175,2
11,2005,11,16,0.2729128413538889,0.6155462184712415,2
11,2005,11,17,0.3261777335399344,0.3046218486682614,2
11,2005,11,18,0.3877719352835653,0.2326680671946498,2
11,2005,11,19,0.3766196193431742,0.3135504201812416,2
11,2005,11,20,0.3293216901841682,0.4117647058156203,2
11,2005,11,21,0.3262106478843459,0.3986344537982619,2
11,2005,11,22,0.349474599260009,0.3844537815287585,2
11,2005,11,23,0.397325856766632,0.2804621848857336,2
11,2005,11,24,0.3495473497615562,0.362920167998442,2
11,2005,11,25,0.4280000588301871,0.1601890755949659,2
11,2005,11,26,0.4141760294308951,0.3030462184160944,2
11,2005,11,27,0.3574031447638455,0.382352941150519,2
11,2005,11,28,0.2944679302244513,0.5383403361150563,2
11,2005,11,29,0.2828411106368358,0.6276260503625053,2
11,2005,11,30,0.2886693530971653,0.4107142856895258,2
11,2005,12,1,0.3686895197166948,0.2977941176595711,2
11,2005,12,2,0.3993450750207903,0.2652310923640854,2
11,2005,12,3,0.4247946524004121,0.2384453780772455,2
11,2005,12,4,0.3478462567508648,0.4017857143025959,2
11,2005,12,5,0.4103364921421893,0.2967436974074262,2
11,2005,12,6,0.4447444250348291,0.2232142856816476,2
11,2005,12,7,0.4616256754055034,0.2074579831599772,2
11,2005,12,8,0.4706453387513683,0.1969537815208804,2
11,2005,12,9,0.4440888219238326,0.2473739495902258,2
11,2005,12,10,0.4349714041281133,0.2027310924034761,2
11,2005,12,11,0.3895857564309892,0.2967436974074262,2
11,2005,12,12,0.4096346959225318,0.2851890756422348,2
11,2005,12,13,0.4755610201952247,0.1612394957210604,2
11,2005,12,14,0.5222629592551622,0.1281512604255525,2
11,2005,12,15,0.4679974989081195,0.2274159663120762,2
11,2005,12,16,0.3664016189493566,0.2967436974074262,2
11,2005,12,17,0.4027038930870864,0.2668067226162524,2
11,2005,12,18,0.4070149672557802,0.2746848738770876,2
11,2005,12,19,0.4479518086991708,0.2421218487076522,2
11,2005,12,20,0.4825145663136668,0.1859243697557111,2
11,2005,12,21,0.4777361928258304,0.1901260503861397,3
11,2005,12,22,0.471061924309293,0.2457983193380587,3
11,2005,12,23,0.4068119718516642,0.3681722688810157,3
11,2005,12,24,0.3700118858547082,0.3807773108983519,3
11,2006,1,1,0.3574215091096572,0.3765756302679233,3
11,2006,1,2,0.389560752821714,0.3602941176201804,3
11,2006,1,3,0.3658338817421573,0.4028361344286905,3
11,2006,1,4,0.3924696472973958,0.417016806698194,3
11,2006,1,5,0.3511612834111182,0.4033613445547631,3
11,2006,1,6,0.3865536804452221,0.290441176398758,3
11,2006,1,7,0.4211439844089196,0.2478991595902478,3
11,2006,1,8,0.3740411396815709,0.3870798319070201,3
11,2006,1,9,0.3314759559663583,0.5189075629629794,3
11,2006,1,10,0.3466328049787263,0.4453781512372007,3
11,2006,1,11,0.3415834883123995,0.4648109243892777,3
11,2006,1,12,0.310759264932225,0.4480042016154623,3
11,2006,1,13,0.3107031833792162,0.4516806722458689,3
11,2006,1,14,0.3151741677496187,0.3765756302679233,3
11,2006,1,15,0.439859680260076,0.2415966385815796,3
11,2006,1,16,0.4189898599013598,0.2836134453900678,3
11,2006,1,17,0.3895121583494666,0.3676470587549431,3
11,2006,1,18,0.3351084011917982,0.3781512605200903,3
11,2006,1,19,0.3794238376918901,0.3755252100157784,3
11,2006,1,20,0.3374689114233756,0.4852941176674493,3
11,2006,1,21,0.313810270328422,0.4674369747675393,3
11,2006,1,22,0.3473231588687154,0.3040966386682393,3
11,2006,1,23,0.3666259452291983,0.4002100840504289,3
11,2006,1,24,0.3618525158448745,0.4012605041765235,3
11,2006,1,25,0.3953706311396509,0.3146008403073361,3
11,2006,1,26,0.4389040338377767,0.2605042016075842,3
11,2006,1,27,0.4208642830170271,0.2526260503467489,3
11,2006,1,28,0.3632337887911804,0.4096638655634312,3
11,2006,1,29,0.337299819218277,0.4690126050197064,3
11,2006,1,30,0.3075196729914946,0.4653361343892998,3
11,2006,1,31,0.3498423075930065,0.382352941150519,3
11,2006,2,1,0.3664639160775509,0.3219537814420989,3
11,2006,2,2,0.3485833689158426,0.4222689075807675,3
11,2006,2,3,0.2919438370576155,0.4942226890543791,3
11,2006,2,4,0.3059791963861473,0.4154411764460269,3
11,2006,2,5,0.3207772364518407,0.3040966386682393,3
11,2006,2,6,0.3795158001192245,0.3046218486682614,3
11,2006,2,7,0.3985835244128649,0.2857142856422569,3
11,2006,2,8,0.4200825315269992,0.217436974799052,3
11,2006,2,9,0.4310386330421099,0.2048319327817156,3
11,2006,2,10,0.4221817047124959,0.2746848738770876,3
11,2006,2,11,0.4021135536341982,0.2815126050118282,3
11,2006,2,12,0.4228935305155186,0.2279411764381487,3
11,2006,2,20,0.4277374500751111,0.27521008400316,3
11,2006,2,21,0.3984837923894117,0.3382352940898418,3
11,2006,2,22,0.4201802859768537,0.3214285714420768,3
11,2006,2,23,0.3728902674512744,0.3939075630417608,3
11,2006,2,24,0.3961977278193324,0.3550420167376067,3
11,2006,2,25,0.3873413646560459,0.4112394958155982,3
11,2006,2,26,0.4182151718038152,0.2284663865642213,3
11,2006,2,27,0.4555488093953055,0.2316176470685553,3
11,2006,2,28,0.4064198250757191,0.3681722688810157,3
11,2006,3,1,0.3914138454006876,0.4159663865720994,3
11,2006,3,2,0.3739998910154545,0.4999999999369748,3
11,2006,3,3,0.399412598666145,0.3014705881639273,3
11,2006,3,4,0.4031162407451339,0.2862394957683293,3
11,2006,3,5,0.3602515786476238,0.3272058823246725,3
11,2006,3,6,0.3532827760896239,0.3350840335855077,3
11,2006,3,7,0.3650231714956568,0.3413865545941759,3
11,2006,3,8,0.3751869267710467,0.3776260503940179,3
11,2006,3,9,0.3214242224884525,0.5850840335539951,3
11,2006,3,10,0.2768713223545126,0.6580882352797517,3
11,2006,3,11,0.2531313135480142,0.5761554621670653,3
11,2006,3,12,0.2517569626178517,0.61974789910167,3
11,2006,3,13,0.2653758776630891,0.6675420167927539,3
11,2006,3,14,0.2725625082747749,0.5210084033412188,3
11,2006,3,15,0.3397052510868427,0.3860294117809256,3
11,2006,3,16,0.3374617069935844,0.4259453780851237,3
11,2006,3,17,0.33634374900599,0.4075630251851916,3
11,2006,3,18,0.3601187910051288,0.3151260504334086,3
11,2006,3,19,0.348697509798878,0.3471638654767716,3
11,2006,3,20,0.3570800757558981,0.3608193277462528,3
11,2006,3,21,0.3978078473590049,0.2825630251379228,0
11,2006,3,22,0.3787874465066808,0.2967436974074262,0
11,2006,3,23,0.3535802766610005,0.3681722688810157,0
11,2006,3,24,0.3420202747524267,0.3660714285027761,0
11,2006,3,25,0.3348604840489844,0.329306722702912,0
11,2006,3,26,0.3350089518193153,0.3387605042159142,0
11,2006,3,27,0.3294102622916008,0.3765756302679233,0
11,2006,3,28,0.3218933580048539,0.4227941175807897,0
11,2006,3,29,0.2939018880754932,0.4490546218676073,0
11,2006,3,30,0.3004399787313434,0.4868697479196163,0
11,2006,3,31,0.2784667503836325,0.6060924369582392,0
11,2006,4,1,0.2479468081129285,0.6533613445232505,0
11,2006,4,2,0.2407728912008741,0.5772058822931598,0
11,2006,4,3,0.2720214697350921,0.6087184873365008,0
11,2006,4,4,0.2884016590656559,0.477415966406614,0
11,2006,4,5,0.3155884931168778,0.4611344537588711,0
11,2006,4,6,0.3017309843085563,0.489495798297878,0
11,2006,4,7,0.2814029086931585,0.6502100840189164,0
11,2006,4,8,0.2720227411050552,0.4905462184239725,0
11,2006,4,9,0.2968343735158567,0.3981092436721894,0
11,2006,4,10,0.3044220507305522,0.4627100840110382,0
11,2006,4,11,0.2895636912119728,0.5751050420409707,0
11,2006,4,12,0.2742955268091755,0.651260504145011,0
11,2006,4,13,0.2673325160363733,0.6927521008274264,0
11,2006,4,14,0.248811904752487,0.6118697478408348,0
11,2006,4,15,0.2505837706911271,0.7242647058707674,0
11,2006,4,16,0.2350525739466852,0.6276260503625053,0
11,2006,4,17,0.2674128948933122,0.505777310945621,0
11,2006,4,18,0.2824591346171768,0.5026260504412867,0
11,2006,4,19,0.2693189609834279,0.5703781512844697,0
11,2006,4,20,0.269325459107874,0.6207983193538149,0
11,2006,4,21,0.2593251454931121,0.6612394957840857,0
11,2006,4,22,0.2601345843696495,0.6349789916233184,0
11,2006,4,23,0.2472613984281616,0.631302520992912,0
11,2006,4,24,0.2607205446480302,0.6381302521276524,0
11,2006,4,25,0.2665143188447243,0.618172268849503,0
11,2006,4,26,0.2616048531116661,0.4879201680457108,0
11,2006,4,27,0.273088149134173,0.5409663864933179,0
11,2006,4,28,0.2619763756562627,0.528886554602054,0
11,2006,4,29,0.2657205601977324,0.510504201702122,0
11,2006,4,30,0.268762524729557,0.5336134453585553,0
11,2006,5,1,0.2755469786429005,0.5661764705279906,0
11,2006,5,2,0.2794257871258336,0.5877100840583072,0
11,2006,5,3,0.2669133877385223,0.6081932773364787,0
11,2006,5,4,0.2741657057983041,0.6633403361623251,0
11,2006,5,5,0.2742333709556116,0.692226890701354,0
11,2006,5,6,0.2730213315907442,0.634453781497246,0
11,2006,5,7,0.2443485486018633,0.4978991596847856,0
11,2006,5,8,0.267832588221878,0.4994747899369526,0
11,2006,5,9,0.2711638600745855,0.5640756302758014,0
11,2006,5,10,0.2729378449631642,0.6418067226320088,0
11,2006,5,11,0.2656630660340334,0.634453781497246,0
11,2006,5,12,0.2621177802375294,0.5530462185106322,0
11,2006,5,13,0.2533326137921793,0.5856092436800675,0
11,2006,5,14,0.2420328188343534,0.5588235293932278,0
11,2006,5,15,0.2682719171984123,0.5577731092671332,0
11,2006,5,16,0.2653247403492058,0.5351890756107223,0
11,2006,5,17,0.2705694239625472,0.5934873949409027,0
11,2006,5,18,0.2726095489634114,0.5530462185106322,0
11,2006,5,19,0.25960032646977,0.5346638654846498,0
11,2006,5,20,0.2558971082824784,0.6071428570843338,0
11,2006,5,21,0.2509661705007738,0.5829831933018059,0
11,2006,5,22,0.2610475692778198,0.565126050401896,0
11,2006,5,23,0.2683886006857613,0.5525210083845598,0
11,2006,5,24,0.2745058679177129,0.5782563025453049,0
11,2006,6,1,0.4075246455736944,0.7846638655791875,0
11,2006,6,2,0.3938456933875092,0.7830882353270205,0
11,2006,6,3,0.3137849841698861,0.7016806722143563,0
11,2006,6,4,0.2856888381135595,0.6628151260362527,0
11,2006,6,5,0.287173939471243,0.6365546218754854,0
11,2006,6,6,0.2869922748411432,0.6407563025059142,0
11,2006,6,7,0.2906711957245047,0.6995798319621671,0
11,2006,6,8,0.3123190946023769,0.7111344537273585,0
11,2006,6,9,0.3140107229926116,0.7242647058707674,0
11,2006,6,10,0.2779548120784718,0.6717436974231825,0
11,2006,6,11,0.2612371446430558,0.6517857142710834,0
11,2006,6,12,0.2712065215887145,0.6491596638928219,0
11,2006,6,13,0.3057980968206656,0.6775210084318286,0
11,2006,6,14,0.2874820347923124,0.7016806722143563,0
11,2006,6,15,0.3134833869732627,0.7132352941055982,0
11,2006,6,16,0.3363080094062948,0.7127100839795257,0
11,2006,6,17,0.3469406175471159,0.763130252048871,0
11,2006,6,18,0.3955866226570461,0.8209033613790295,0
11,2006,6,19,0.4227861706113186,0.7878151260835216,0
11,2006,6,20,0.4086993914196429,0.8014705882269526,0
11,2006,6,21,0.4179997451137156,0.7867647058313767,1
11,2006,6,22,0.447489030032585,0.8592436974310607,1
11,2006,6,23,0.4007862433926721,0.7983193277226184,1
11,2006,6,24,0.3912064707203547,0.7778361344444469,1
11,2006,6,25,0.369297658349067,0.7589285714184424,1
11,2006,6,26,0.3929798904426057,0.7851890755792097,1
11,2006,6,27,0.4005791514650189,0.7536764705358687,1
11,2006,6,28,0.4339770514405919,0.7888655462096161,1
11,2006,6,29,0.4301664732473906,0.763130252048871,1
11,2006,6,30,0.3879995105069687,0.7347689075098642,1
11,2006,7,1,0.3989857011112072,0.7594537815445148,1
11,2006,7,2,0.4563451107822237,0.835084033648533,1
11,2006,7,3,0.4795320737564624,0.8151260503703834,1
11,2006,7,4,0.4865330843535286,0.8497899159180584,1
11,2006,7,5,0.4269328142647786,0.7752100840661853,1
11,2006,7,6,0.3488572786242469,0.7100840336012639,1
11,2006,7,7,0.3391352535533649,0.6649159664144921,1
11,2006,7,8,0.3314070194390877,0.6980042017100001,1
11,2006,7,9,0.3517325523145592,0.7389705882663433,1
11,2006,7,10,0.4146169120554275,0.7720588235618511,1
11,2006,7,11,0.4777318138886453,0.8135504201182164,1
11,2006,7,12,0.4937581384777568,0.8392857142789616,1
11,2006,7,13,0.4748360569025827,0.8040966386052142,1
11,2006,7,14,0.4513462254634671,0.8156512604964559,1
11,2006,7,15,0.4297092038506452,0.8256302521355305,1
11,2006,7,16,0.4793706097711426,0.8177521008746955,1
11,2006,7,17,0.5229233654323635,0.841386554657201,1
11,2006,7,18,0.5537540870386936,0.8272058823876978,1
11,2006,7,19,0.4976098242997664,0.8025210083530472,1
11,2006,7,20,0.492437750252374,0.805147058857359,1
11,2006,7,21,0.5241823041095275,0.8235294117572911,1
11,2006,7,22,0.4534191233306933,0.8109243697399549,1
11,2006,7,23,0.3898633388729431,0.7715336134357786,1
11,2006,7,24,0.4175272192774124,0.7620798319227764,1
11,2006,7,25,0.4162817005035154,0.7725840335618732,1
11,2006,7,26,0.4654457183547743,0.8072478991095482,1
11,2006,7,27,0.5148356159304538,0.8434873949093902,1
11,2006,7,28,0.5214361449891285,0.8529411764223924,1
11,2006,7,29,0.5210935816417462,0.8261554621355527,1
11,2006,7,30,0.5310817464858818,0.838235294152867,1
11,2006,7,31,0.5389583071975691,0.842962184909368,1
11,2006,8,1,0.5869892516589836,0.8671218486918959,1
11,2006,8,9,0.4207628558336231,0.7589285714184424,1
11,2006,8,10,0.3728310782293341,0.7809873949487809,1
11,2006,8,11,0.369106811817287,0.7704831933096841,1
11,2006,8,12,0.3330901720295681,0.7200630252403388,1
11,2006,8,13,0.3313493840007583,0.7153361344838376,1
11,2006,8,14,0.3947867899129183,0.7956932773443568,1
11,2006,8,15,0.4512785601027404,0.8188025210007901,1
11,2006,8,16,0.4395199420662677,0.7510504201576071,1
11,2006,8,17,0.412966532805954,0.7405462185185103,1
11,2006,8,18,0.413968796126902,0.763130252048871,1
11,2006,8,19,0.4435126085778469,0.8114495798660273,1
11,2006,8,20,0.4886958256981507,0.8324579831442209,1
11,2006,8,21,0.4268068072620871,0.7578781512923478,1
11,2006,8,22,0.4131243237186922,0.7526260504097741,1
11,2006,8,23,0.4370109639626499,0.7594537815445148,1
11,2006,8,24,0.4222505000668458,0.7815126050748535,1
11,2006,8,25,0.4543411493066552,0.8124999999921219,1
11,2006,8,26,0.4466944238056178,0.8224789916311965,1
11,2006,8,27,0.4508875433204186,0.8329831932702934,1
11,2006,8,28,0.4857288719941518,0.8193277311268625,1
11,2006,8,29,0.4926901877087127,0.8476890756658693,1
11,2006,8,30,0.3798236130266461,0.7862394958313546,1
11,2006,8,31,0.3228009749178143,0.7095588234751915,1
11,2006,9,1,0.287220697644522,0.5929621848148303,1
11,2006,9,2,0.281651814690578,0.6355042016233405,1
11,2006,9,3,0.2873859757397313,0.6764705881796838,1
11,2006,9,4,0.3102671034818566,0.6712184874231604,1
11,2006,9,5,0.3032382640202314,0.6685924369188485,1
11,2006,9,6,0.3124667147927323,0.6848739495665914,1
11,2006,9,7,0.3259380096476143,0.6743697479274944,1
11,2006,9,8,0.325450651161741,0.692226890701354,1
11,2006,9,9,0.3390079755197422,0.6911764705752594,1
11,2006,9,10,0.3216362587569408,0.6864495798187584,1
11,2006,9,11,0.2863820172588323,0.6733193276753495,1
11,2006,9,12,0.2822859457529281,0.6454831932624152,1
11,2006,9,13,0.2823838412400904,0.6323529411190065,1
11,2006,9,14,0.2987877628438695,0.6586134454058241,1
11,2006,9,15,0.3046104960004554,0.6460084033884876,1
11,2006,9,16,0.294775036690915,0.6769957983057562,1
11,2006,9,17,0.3094141555112149,0.693802520953521,1
11,2006,9,18,0.3373917816456113,0.7022058823404289,1
11,2006,9,19,0.3410626504174967,0.7153361344838376,1
11,2006,9,20,0.2922580067131433,0.5761554621670653,1
11,2006,9,21,0.2733664378814719,0.5189075629629794,1
11,2006,9,22,0.2751450844599155,0.5693277310323248,1
11,2006,9,23,0.3074084987739859,0.7405462185185103,2
11,2006,9,24,0.3574205201533418,0.7426470587706995,2
11,2006,9,25,0.3030385176613869,0.6234243697320767,2
11,2006,9,26,0.2885422161008505,0.5745798319148983,2
11,2006,9,27,0.2852961260356739,0.5845588235539729,2
11,2006,9,28,0.2904029366622806,0.5661764705279906,2
11,2006,9,29,0.268630584768747,0.5246848739716254,2
11,2006,9,30,0.2570108283701957,0.5115546218282165,2
11,2006,10,1,0.2569685906460545,0.5903361344365687,2
11,2006,10,2,0.2735459835955364,0.5740546217888258,2
11,2006,10,3,0.2934224403247562,0.6628151260362527,2
11,2006,10,4,0.3102716239309944,0.7090336134751694,2
11,2006,10,5,0.2859901527948255,0.6470588235145822,2
11,2006,10,6,0.2741515794879824,0.4942226890543791,2
11,2006,10,7,0.2729886997616901,0.4632352941371107,2
11,2006,10,8,0.261029346308348,0.5504201680063201,2
11,2006,10,9,0.2777480025644664,0.5719537815366367,2
11,2006,10,10,0.2833143428123874,0.6050420168321446,2
11,2006,10,11,0.2781908631016295,0.6144957983451469,2
11,2006,10,12,0.2802007577726388,0.5404411764932957,2
11,2006,10,13,0.2809132899827163,0.3702731092592551,2
11,2006,10,14,0.2938787208668959,0.3965336134200224,2
11,2006,10,15,0.294201931386796,0.3781512605200903,2
11,2006,10,16,0.3246999778527691,0.4663865546414448,2
11,2006,10,17,0.312886831945189,0.5530462185106322,2
11,2006,10,18,0.2996962273029021,0.6213235293538371,2
11,2006,10,19,0.2992958870391409,0.6050420168321446,2
11,2006,10,20,0.2957171218336074,0.5551470587628213,2
11,2006,10,21,0.2992489875912315,0.417016806698194,2
11,2006,10,22,0.3157082844087711,0.4826680671631373,2
11,2006,10,23,0.3280003130024701,0.3723739495114442,2
11,2006,10,24,0.3757026791860969,0.3429621848463429,2
11,2006,10,25,0.3678078955049378,0.3802521007722795,2
11,2006,10,26,0.3649762718443282,0.3545168067375847,2
11,2006,10,27,0.3658813462207814,0.4296218487155303,2
11,2006,10,28,0.304291240865075,0.4726890756501129,2
11,2006,10,29,0.3281911597715726,0.4768907562805416,2
11,2006,10,30,0.3359114832185197,0.4921218486761395,2
11,2006,10,31,0.3046305554045083,0.5588235293932278,2
11,2006,11,1,0.2947572375114309,0.6024159663278326,2
11,2006,11,2,0.316054520828735,0.4453781512372007,2
11,2006,11,3,0.3843509614654148,0.2846638655161623,2
11,2006,11,4,0.4052209232004709,0.2331932773207224,2
11,2006,11,5,0.3873513945784432,0.3471638654767716,2
11,2006,11,6,0.3703752152505206,0.4280462184633632,2
11,2006,11,7,0.354513179800303,0.4107142856895258,2
11,2006,11,8,0.3070023666911238,0.5252100839716476,2
11,2006,11,9,0.2971503795720625,0.5514705882584652,2
11,2006,11,10,0.2967732064829953,0.5887605041844017,2
11,2006,11,11,0.2863763667143617,0.6060924369582392,2
11,2006,11,12,0.294606368275804,0.4290966385894578,2
11,2006,11,13,0.3093531297529838,0.4422268907328666,2
11,2006,11,14,0.3022424988237294,0.471638655397968,2
11,2006,11,15,0.3046917224034665,0.4768907562805416,2
11,2006,11,16,0.3014553795419107,0.6302521008668174,2
11,2006,11,17,0.2978271721824447,0.4348739495981039,2
11,2006,11,18,0.3361187165225128,0.3335084033333407,2
11,2006,11,19,0.3541737240201426,0.346113445350677,2
11,2006,11,20,0.3798537021157739,0.3272058823246725,2
11,2006,11,21,0.4015937046956107,0.3214285714420768,2
11,2006,11,29,0.3283403338472486,0.5378151259889838,2
11,2006,11,30,0.3098880939921115,0.6155462184712415,2
11,2006,12,1,0.2994371503457773,0.6444327731363206,2
11,2006,12,2,0.3409678628365882,0.3450630252245824,2
11,2006,12,3,0.3881397849929027,0.288865546146591,2
11,2006,12,4,0.4362234207891339,0.2394957983293906,2
11,2006,12,5,0.4748866289484288,0.2452731092119862,2
11,2006,12,6,0.4529771103735057,0.3067226890465009,2
11,2006,12,7,0.3874196247664655,0.2988445377856657,2
11,2006,12,8,0.5439879881481211,0.1244747899211964,2
11,2006,12,9,0.5157916861427407,0.1901260503861397,2
11,2006,12,10,0.4320794612519401,0.3356092437115802,2
11,2006,12,11,0.4050247084361585,0.3424369747202704,2
11,2006,12,12,0.3942405246187526,0.3245798319464109,2
11,2006,12,13,0.3669008435548859,0.417016806698194,2
11,2006,12,14,0.3697231434967338,0.3876050420330926,2
11,2006,12,15,0.3614672907460408,0.4863445377935438,2
11,2006,12,16,0.3738374380738194,0.3529411764854176,2
11,2006,12,17,0.3790178468836583,0.4469537814893677,2
11,2006,12,18,0.3388092180155034,0.5351890756107223,2
11,2006,12,19,0.3759811092080262,0.4091386554373588,2
11,2006,12,20,0.438702168427284,0.2925420167769975,2
11,2006,12,21,0.4214724216493994,0.4269957983372687,3
11,2006,12,22,0.3743920377913996,0.4747899159023021,3
11,2006,12,23,0.3211148557974199,0.4726890756501129,3
11,2006,12,24,0.3679471810345565,0.362920167998442,3
11,2006,12,25,0.3899721118624782,0.3487394957289386,3
11,2006,12,26,0.330031397138962,0.4091386554373588,3
11,2006,12,27,0.3952550778493444,0.3261554621985779,3
11,2006,12,28,0.4189621721758184,0.3193277310638373,3
11,2006,12,29,0.3879927298671652,0.3146008403073361,3
11,2006,12,30,0.3707369905236901,0.3403361344680813,3
11,2006,12,31,0.3847060974751207,0.3907563025374267,3
11,2007,1,1,0.3271107778182545,0.4721638655240405,3
11,2007,1,2,0.3813578738194855,0.3503151259811057,3
11,2007,1,3,0.4232519158078184,0.3298319327029341,3
11,2007,1,4,0.3556233681917787,0.4248949579590291,3
11,2007,1,5,0.3221643010816347,0.5845588235539729,3
11,2007,1,6,0.2838413962824757,0.5829831933018059,3
11,2007,1,7,0.306803044122267,0.4296218487155303,3
11,2007,1,8,0.3415986037146494,0.39600840329395,3
11,2007,1,9,0.4130346216176364,0.290441176398758,3
11,2007,1,10,0.4643527639764551,0.217962184799074,3
11,2007,1,11,0.4793279480196912,0.2184873949251465,3
11,2007,1,12,0.3985452419376305,0.4353991595981261,3
11,2007,1,13,0.3146324229045908,0.5609243697714674,3
11,2007,1,14,0.281559569713983,0.6081932773364787,3
11,2007,1,15,0.3040606991117576,0.59506302519307,3
11,2007,1,16,0.3512831935512405,0.385504201654853,3
11,2007,1,17,0.4959019506492715,0.1633403360993,3
11,2007,1,18,0.5166389837045248,0.2347689075728894,3
11,2007,1,19,0.4351695964660244,0.3093487394247625,3
11,2007,1,20,0.4769410217715675,0.2284663865642213,3
11,2007,1,21,0.50771749825947,0.1722689074862297,3
11,2007,1,22,0.4865568165928408,0.2573529411032501,3
11,2007,1,23,0.4644009346587148,0.2757352941292325,3
11,2007,1,24,0.4725830479515452,0.2505252100945599,3
11,2007,1,25,0.4884137229426718,0.2200630251773135,3
11,2007,1,26,0.5741176197384292,0.164915966351467,3
11,2007,1,27,0.4332681921674832,0.4133403360677875,3
11,2007,1,28,0.4165307476399524,0.3077731091725955,3
11,2007,1,29,0.534747812293272,0.1213235294168623,3
11,2007,1,30,0.5205847509038074,0.201155462151309,3
11,2007,1,31,0.5283457583251882,0.1307773109298646,3
11,2007,2,1,0.5135648111336337,0.2394957983293906,3
11,2007,2,2,0.4638868774036154,0.2804621848857336,3
11,2007,2,3,0.4672619408657846,0.1938025210165463,3
11,2007,2,4,0.4793334572895315,0.1601890755949659,3
11,2007,2,5,0.6400505836136177,0.0220588235303385,3
11,2007,2,6,0.6685822445365891,0.0220588235303385,3
11,2007,2,7,0.6004749556107704,0.1150210084081941,3
11,2007,2,8,0.6211505387787728,0.0656512604649433,3
11,2007,2,9,0.5976794954754566,0.1155462184082162,3
11,2007,2,10,0.5520100498629028,0.108718487399526,3
11,2007,2,11,0.542675510556165,0.1334033613081262,3
11,2007,2,12,0.4924275792926688,0.2421218487076522,3
11,2007,2,13,0.5206207730527632,0.2673319327423248,3
11,2007,2,14,0.5382235967352097,0.1943277310165683,3
11,2007,2,15,0.6206753291652354,0.075630252104018,3
11,2007,2,16,0.6107635875561965,0.0845588234909478,3
11,2007,2,17,0.5414894634178562,0.1591386554688714,3
11,2007,2,18,0.5057327483706566,0.1769957982427308,3
11,2007,2,19,0.5673116939120522,0.1990546217730694,3
11,2007,2,20,0.4277683867442144,0.4248949579590291,3
11,2007,2,21,0.3772205535457553,0.4054621848069522,3
11,2007,2,22,0.423440360976012,0.3781512605200903,3
11,2007,2,23,0.4834409712268137,0.2809873948857558,3
11,2007,2,24,0.4870712976379278,0.255252100851061,3
11,2007,2,25,0.4642168684277061,0.29306722690307,3
11,2007,2,26,0.4391180477815732,0.330882352955079,3
11,2007,2,27,0.4078126813890013,0.3371848739637472,3
11,2007,2,28,0.4029840182689666,0.3319327730811736,3
11,2007,3,1,0.4076668976332271,0.3697478991331827,3
11,2007,3,2,0.3212576730232802,0.4873949579196384,3
11,2007,3,3,0.3336841843177154,0.3792016806461849,3
11,2007,3,4,0.4099721737900615,0.2410714285815576,3
11,2007,3,5,0.4398359480207639,0.3219537814420989,3
11,2007,3,6,0.5405672964045865,0.2274159663120762,3
11,2007,3,7,0.5645074755633361,0.2825630251379228,3
11,2007,3,8,0.5400635514855321,0.2505252100945599,3
11,2007,3,9,0.472346149348412,0.3256302520725054,3
11,2007,3,10,0.37985059420952,0.4784663865327086,3
11,2007,3,11,0.3103477648541529,0.4511554621197964,3
11,2007,3,12,0.369376766039462,0.399159663798284,3
11,2007,3,13,0.3418107811221551,0.5756302520409928,3
11,2007,3,14,0.3014291045626723,0.5955882353191424,3
11,2007,3,15,0.2923567497802811,0.5309873949802935,3
11,2007,3,16,0.4148810745941145,0.2920168066509251,3
11,2007,3,17,0.4786529919455997,0.2484243697163203,3
11,2007,3,18,0.4378226631654657,0.2489495798423928,3
11,2007,3,19,0.423154020320656,0.3608193277462528,3
11,2007,3,20,0.3321254847428965,0.5598739495193223,3
11,2007,3,21,0.3883697619189245,0.4217436974546951,0
11,2007,3,22,0.3252746370761119,0.5898109243104963,0
11,2007,3,23,0.2852146171173054,0.673844537801422,0
11,2007,3,24,0.288038753595444,0.6239495798581491,0
11,2007,3,25,0.3010108238447967,0.6050420168321446,0
11,2007,3,26,0.3395146869687105,0.6207983193538149,0
11,2007,3,27,0.298463704743994,0.7011554622143341,0
11,2007,3,28,0.2787020951014452,0.6144957983451469,0
11,2007,3,29,0.3082720414943206,0.4816176470370427,0
11,2007,3,30,0.3274618172027135,0.4600840336327765,0
11,2007,3,31,0.3166855441204439,0.5173319327108123,0
11,2007,4,1,0.3020080016858922,0.5845588235539729,0
11,2007,4,2,0.2909564063862375,0.654411764649345,0
11,2007,4,3,0.2939979471280743,0.6570378151536571,0
11,2007,4,4,0.330844085094674,0.602941176453905,0
11,2007,4,5,0.3674712648783515,0.3124999999290966,0
11,2007,4,6,0.377462537628741,0.309873949550835,0
11,2007,4,7,0.4125581402951038,0.2342436974468169,0
11,2007,4,8,0.4058116864433468,0.2563025209771555,0
11,2007,4,9,0.3993445098544627,0.2962184874074041,0
11,2007,4,10,0.384784781036496,0.3513655462332506,0
11,2007,4,11,0.3864028112095952,0.3813025210244244,0
11,2007,4,12,0.3298415392244653,0.4711134453979459,0
11,2007,4,13,0.3366594725468383,0.4385504201024601,0
11,2007,4,14,0.3363227007812345,0.3939075630417608,0
11,2007,4,15,0.3328902843960933,0.4217436974546951,0
11,2007,4,16,0.4083684114392368,0.3802521007722795,0
11,2007,4,17,0.378879549971323,0.473214285650135,0
11,2007,4,18,0.365239021636712,0.4506302521197743,0
11,2007,4,19,0.3483245746096881,0.4464285713632953,0
11,2007,4,20,0.3189706197342079,0.512079831954289,0
11,2007,4,21,0.2959326896966276,0.5236344537194804,0
11,2007,4,22,0.2753154480349773,0.5903361344365687,0
11,2007,4,23,0.2891825627722892,0.6748949579275165,0
11,2007,4,24,0.2991493969441183,0.7064075629708575,0
11,2007,4,25,0.2876080416932944,0.651260504145011,0
11,2007,4,26,0.2879583747385051,0.5593487395193004,0
11,2007,4,27,0.2934797932477282,0.6102941175886678,0
11,2007,4,28,0.2705860930466984,0.5782563025453049,0
11,2007,4,29,0.2637928808182432,0.6223739496059821,0
11,2007,4,30,0.2958393146246998,0.6953781512056882,0
11,2007,5,1,0.2871718205213044,0.7305672268794356,0
11,2007,5,2,0.2952016519678178,0.7079831932230245,0
11,2007,5,3,0.2818630033451876,0.5498949580062982,0
11,2007,5,4,0.2845304788025017,0.5546218487627992,0
11,2007,5,5,0.2737763840742235,0.5735294117888037,0
11,2007,5,6,0.2747739857053067,0.5147058823325505,0
11,2007,5,7,0.3030379526306721,0.491071428550045,0
11,2007,5,8,0.3058534720344261,0.5661764705279906,0
11,2007,5,9,0.304828182779511,0.6780462184318508,0
11,2007,5,10,0.3169684945576078,0.7200630252403388,0
11,2007,5,11,0.3330273098367559,0.7310924370055081,0
11,2007,5,12,0.3064439527619446,0.7022058823404289,0
11,2007,5,13,0.2618781976537429,0.5934873949409027,0
11,2007,5,14,0.2864354147972845,0.5609243697714674,0
11,2007,5,15,0.3122731840429765,0.7116596638534312,0
11,2007,5,16,0.3298178069851532,0.6932773109534991,0
11,2007,5,17,0.2971403498869876,0.5588235293932278,0
11,2007,5,18,0.2938083717289351,0.4663865546414448,0
11,2007,5,19,0.2849084994715442,0.5493697478802255,0
11,2007,5,20,0.2786349950087557,0.6691176470449209,0
11,2007,5,21,0.2971407736769753,0.6706932772970879,0
11,2007,5,22,0.3051076016560461,0.6796218486840178,0
11,2007,5,23,0.3105962470615848,0.6932773109534991,0
11,2007,5,24,0.3194116438367898,0.6980042017100001,0
11,2007,5,25,0.3459427335023849,0.7242647058707674,0
11,2007,5,26,0.3939636483804342,0.764705882301038,0
11,2007,5,27,0.3960508140699348,0.7510504201576071,0
11,2007,5,28,0.399958440170323,0.7305672268794356,0
11,2007,5,29,0.3757946416134313,0.725315125996862,0
11,2007,5,30,0.3744996804482794,0.7610294117966818,0
11,2007,5,31,0.4036705580490664,0.7778361344444469,0
11,2007,6,1,0.4227752931089459,0.7731092436879456,0
11,2007,6,2,0.4203828575909819,0.7620798319227764,0
11,2007,6,3,0.3211364690867934,0.6896008403230924,0
11,2007,6,4,0.3660019849909405,0.7521008402837017,0
11,2007,6,5,0.3979296164618193,0.7321428571316027,0
11,2007,6,6,0.3425867405896629,0.6911764705752594,0
11,2007,6,7,0.3650851858711712,0.7358193277620091,0
11,2007,6,8,0.498873848795815,0.8329831932702934,0
11,2007,6,9,0.4603557178496268,0.8014705882269526,0
11,2007,6,10,0.351146733175196,0.7190126049881937,0
11,2007,6,11,0.3621019871103312,0.7400210083924379,0
11,2007,6,12,0.3839222270351543,0.7127100839795257,0
11,2007,6,13,0.3510108379654791,0.7179621848620992,0
11,2007,6,14,0.300154909344241,0.6481092436406768,0
11,2007,6,15,0.3018051475564066,0.6517857142710834,0
11,2007,6,16,0.3285092847777169,0.6948529412056661,0
11,2007,6,17,0.4033939645634278,0.7620798319227764,0
11,2007,6,18,0.4752108282890315,0.8282563025137923,0
11,2007,6,19,0.4909344257896059,0.8193277311268625,0
11,2007,6,20,0.4146766664436955,0.7752100840661853,0
11,2007,6,21,0.3921738418859701,0.726890756249029,1
11,2007,6,22,0.3817241697452119,0.7263655462490068,1
11,2007,6,23,0.3372536261096159,0.6927521008274264,1
11,2007,6,24,0.3728233086332153,0.7394957982663655,1
11,2007,6,25,0.4238888721593553,0.8088235293617152,1
11,2007,6,26,0.5107977449274969,0.8203781512529571,1
11,2007,6,27,0.5534652036434112,0.8272058823876978,1
11,2007,6,28,0.549493584915846,0.8293067226398869,1
11,2007,6,29,0.4316596264114216,0.7694327730575392,1
11,2007,6,30,0.3869576936798552,0.7794117646966139,1
11,2007,7,1,0.3515079436210698,0.7153361344838376,1
11,2007,7,2,0.336780676483325,0.6880252100709254,1
11,2007,7,3,0.3562333433604417,0.7310924370055081,1
11,2007,7,4,0.3733790386834508,0.7956932773443568,1
11,2007,7,5,0.4243916281220943,0.8093487394877878,1
11,2007,7,6,0.48956798549287,0.8198529411268847,1
11,2007,7,7,0.4969122659799861,0.7914915965878777,1
11,2007,7,8,0.5334155579482331,0.8130252101181943,1
11,2007,7,9,0.5813675364346246,0.8518907562962978,1
11,2007,7,10,0.5713183454932259,0.8293067226398869,1
11,2007,7,11,0.5390201805357756,0.8030462184791196,1
11,2007,7,12,0.4594733870952023,0.7510504201576071,1
11,2007,7,13,0.4351929049153488,0.7232142857446728,1
11,2007,7,14,0.4476557208740973,0.764180672301016,1
11,2007,7,15,0.5062047090406322,0.8219537815051241,1
11,2007,7,16,0.5451281242523847,0.7930672268400449,1
11,2007,7,17,0.5401449191631736,0.7951680672182844,1
11,2007,7,18,0.5511274366948306,0.8240546218833635,1
11,2007,7,19,0.5368680336018146,0.8182773108747174,1
11,2007,7,20,0.4559112912111425,0.7626050420488488,1
11,2007,7,21,0.3908593867204153,0.7011554622143341,1
11,2007,7,22,0.380797764832065,0.7027310924665013,1
11,2007,7,23,0.4045014688386373,0.7016806722143563,1
11,2007,7,24,0.4309049978196395,0.7011554622143341,1
11,2007,7,25,0.4549288046432772,0.7174369747360267,1
11,2007,7,26,0.4841679124320863,0.7925420168400228,1
11,2007,7,27,0.5266240409814384,0.7815126050748535,1
11,2007,7,28,0.523396880224982,0.8124999999921219,1
11,2007,7,29,0.447908158330436,0.7914915965878777,1
11,2007,7,30,0.439525592373416,0.7857142857052821,1
11,2007,7,31,0.4952292549014584,0.8082983193616933,1
11,2007,8,1,0.5049368707737262,0.805147058857359,1
11,2007,8,2,0.5349782130092815,0.8298319327659593,1
11,2007,8,3,0.5546765364656111,0.8345588235224604,1
11,2007,8,4,0.5805191088792174,0.838235294152867,1
11,2007,8,5,0.4962891536607359,0.7983193277226184,1
11,2007,8,6,0.5178599226591342,0.8503151260441308,1
11,2007,8,7,0.5860278135531962,0.8671218486918959,1
11,2007,8,8,0.6559451095165494,0.9180672268873136,1
11,2007,8,9,0.5963172930785978,0.880777310961377,1
11,2007,8,10,0.5478918001386198,0.8692226890701353,1
11,2007,8,11,0.3757298017453107,0.8088235293617152,1
11,2007,8,12,0.4229845043255696,0.7967436974704514,1
11,2007,8,13,0.4821560399840592,0.8188025210007901,1
11,2007,8,14,0.4356452302085815,0.7431722688967719,1
11,2007,8,15,0.4660499015009172,0.7888655462096161,1
11,2007,8,16,0.5278370689635892,0.8366596639007,1
11,2007,8,17,0.543454153800907,0.839810924405034,1
11,2007,8,18,0.3953202001311127,0.7394957982663655,1
11,2007,8,19,0.3326632742373079,0.7610294117966818,1
11,2007,8,20,0.360149869050572,0.7379201680141982,1
11,2007,8,21,0.3671924110664344,0.7883403360835437,1
11,2007,8,22,0.3427708068206715,0.7862394958313546,1
11,2007,8,23,0.3738699285265336,0.8103991596138824,1
11,2007,8,24,0.4592141689990601,0.8329831932702934,1
11,2007,8,25,0.5570086527680116,0.838235294152867,1
11,2007,8,26,0.4976848351275922,0.7909663865878558,1
11,2007,8,27,0.4656494199625257,0.7899159663357107,1
11,2007,8,28,0.4287719214351256,0.8025210083530472,1
11,2007,8,29,0.4138084621352056,0.8098739496138603,1
11,2007,8,30,0.4249716555779694,0.8030462184791196,1
11,2007,8,31,0.4235581745925971,0.7899159663357107,1
11,2007,9,1,0.3739498837969041,0.7337184873837697,1
11,2007,9,2,0.3523878730119079,0.7095588234751915,1
11,2007,9,3,0.3746505496839063,0.764180672301016,1
11,2007,9,4,0.4249384585825876,0.7589285714184424,1
11,2007,9,5,0.4228918353555678,0.7846638655791875,1
11,2007,9,6,0.4391532223505536,0.8061974789834536,1
11,2007,9,7,0.4537955902161249,0.841386554657201,1
11,2007,9,8,0.4339746500770055,0.8156512604964559,1
11,2007,9,9,0.4197745775822697,0.796218487344379,1
11,2007,9,10,0.4736038166556128,0.797794117596546,1
11,2007,9,11,0.4520546609465881,0.7594537815445148,1
11,2007,9,12,0.375671177350666,0.692226890701354,1
11,2007,9,13,0.3541947721431885,0.6685924369188485,1
11,2007,9,14,0.3510375367347052,0.6953781512056882,1
11,2007,9,15,0.3071584626812336,0.6318277311189844,1
11,2007,9,16,0.2692004410614979,0.5199579832151242,1
11,2007,9,17,0.2915884185325522,0.5540966386367268,1
11,2007,9,18,0.2968997784485953,0.5903361344365687,1
11,2007,9,19,0.3151669633198276,0.6097689075886457,1
11,2007,9,20,0.3128344232274394,0.6517857142710834,1
11,2007,9,21,0.3384030858309317,0.7069327730969299,1
11,2007,9,22,0.3920431735324457,0.7909663865878558,1
11,2007,9,23,0.3634359366153209,0.7373949580141763,2
11,2007,9,24,0.3429245012098724,0.6917016807013319,2
11,2007,9,25,0.366526354582085,0.761554621796704,2
11,2007,9,26,0.4122160007377092,0.7893907563356886,2
11,2007,9,27,0.41276664496906,0.7594537815445148,2
11,2007,9,28,0.3649251346321545,0.6943277310795937,2
11,2007,9,29,0.298716989915921,0.5913865545626633,2
11,2007,9,30,0.2917546854484639,0.5819327730496611,2
11,2007,10,1,0.3071029461928428,0.5987394958234764,2
11,2007,10,2,0.3203034392455743,0.6633403361623251,2
11,2007,10,3,0.3675572942458578,0.7069327730969299,2
11,2007,10,4,0.3812297482058874,0.7442226890228665,2
11,2007,10,5,0.3650028295762464,0.7342436975098421,2
11,2007,10,6,0.3692599410401603,0.723739495744695,2
11,2007,10,7,0.3987298729959347,0.7610294117966818,2
11,2007,10,8,0.4043647260489449,0.7741596638140404,2
11,2007,10,9,0.4250829709683988,0.763130252048871,2
11,2007,10,10,0.3592758727195619,0.7027310924665013,2
11,2007,10,11,0.2976529944974935,0.5157563024586453,2
11,2007,10,12,0.2854279247218536,0.5351890756107223,2
11,2007,10,13,0.2738094396932654,0.5315126049803156,2
11,2007,10,14,0.2753192621448667,0.5021008403152143,2
11,2007,10,15,0.2938445351525212,0.5546218487627992,2
11,2007,10,16,0.2967709462923297,0.636029411749413,2
11,2007,10,17,0.3090515325563604,0.6785714285579232,2
11,2007,10,18,0.3194208259757925,0.7053571428447629,2
11,2007,10,19,0.3575312707164756,0.7069327730969299,2
11,2007,10,20,0.2903587212289278,0.5976890755713316,2
11,2007,10,21,0.2760823666720159,0.56827731090623,2
11,2007,10,22,0.3066280188573403,0.6418067226320088,2
11,2007,10,23,0.3374074618751568,0.7531512605358466,2
11,2007,10,24,0.3280589372954052,0.6276260503625053,2
11,2007,10,25,0.2986842168122365,0.5189075629629794,2
11,2007,10,26,0.2979074097647534,0.5451680672497969,2
11,2007,10,27,0.285796904560427,0.5751050420409707,2
11,2007,10,28,0.2726969909755112,0.4795168066588032,2
11,2007,10,29,0.3270384510049854,0.365546218502754,2
11,2007,10,30,0.3412941811271295,0.4122899159416928,2
11,2007,10,31,0.3164259021326044,0.4632352941371107,2
11,2007,11,1,0.2950109464733456,0.5099789915760495,2
11,2007,11,2,0.3127444385093165,0.3949579831678554,2
11,2007,11,3,0.3191395706646762,0.3996848739243565,2
11,2007,11,4,0.318374629736849,0.39600840329395,2
11,2007,11,5,0.3362178833796383,0.4353991595981261,2
11,2007,11,6,0.3403594417905681,0.4311974789676974,2
11,2007,11,7,0.3731774556866059,0.3618697478723474,2
11,2007,11,8,0.3999841503222658,0.2925420167769975,2
11,2007,11,9,0.3909206948922942,0.3713235293853497,2
11,2007,11,10,0.3660884381484346,0.3676470587549431,2
11,2007,11,11,0.3603852138700942,0.3807773108983519,2
11,2007,11,12,0.3573419779683065,0.5362394957368168,2
11,2007,11,13,0.3248649733987177,0.6008403360756656,2
11,2007,11,14,0.3250260135940497,0.5908613445626412,2
11,2007,11,15,0.3342188660075826,0.4480042016154623,2
11,2007,11,16,0.3917066842821993,0.3167016806855756,2
11,2007,11,17,0.3821360936132718,0.3408613444681034,2
11,2007,11,18,0.3420952855802524,0.3792016806461849,2
11,2007,11,19,0.3494576476605004,0.3681722688810157,2
11,2007,11,20,0.3478147552544658,0.52573529409772,2
11,2007,11,21,0.3221251711281346,0.5777310924192325,2
11,2007,11,22,0.2935193469573128,0.5740546217888258,2
11,2007,11,23,0.3737612972523705,0.3109243696769296,2
11,2007,11,24,0.42680836138473,0.238970588203318,2
11,2007,11,25,0.3832598432843543,0.3702731092592551,2
11,2007,11,26,0.3407282801171888,0.5467436975019639,2
11,2007,11,27,0.3237354318407278,0.4632352941371107,2
11,2007,11,28,0.3957285923029309,0.3702731092592551,2
11,2007,11,29,0.4069994284025746,0.4290966385894578,2
11,2007,11,30,0.4106294720610088,0.3266806721986,2
11,2007,12,1,0.4319800116421348,0.3356092437115802,2
11,2007,12,2,0.4041049427864751,0.3776260503940179,2
11,2007,12,3,0.3860529020560818,0.3618697478723474,2
11,2007,12,4,0.4809208335462073,0.2489495798423928,2
11,2007,12,5,0.5163837207555798,0.2184873949251465,2
11,2007,12,6,0.5318115128447286,0.1439075629472229,2
11,2007,12,7,0.5290532051910258,0.2851890756422348,2
11,2007,12,8,0.4146523693770878,0.4023109243026181,2
11,2007,12,9,0.4031022556755393,0.4847689075413768,2
11,2007,12,10,0.3669665310029819,0.596638655445237,2
11,2007,12,11,0.378351507646629,0.5530462185106322,2
11,2007,12,12,0.3434613017479686,0.5892857143104742,2
11,2007,12,13,0.4177892628661607,0.4143907563199323,2
11,2007,12,14,0.413155966930463,0.3949579831678554,2
11,2007,12,15,0.4549581875287695,0.2941176470291646,2
11,2007,12,16,0.4002254278625841,0.3077731091725955,2
11,2007,12,17,0.4967324379878867,0.2258403360599092,2
11,2007,12,18,0.5039723247616849,0.219012605051219,2
11,2007,12,19,0.4637080380287993,0.3103991596769075,2
11,2007,12,20,0.4636850119931227,0.2925420167769975,2
11,2007,12,21,0.451222478787054,0.3203781511899318,3
11,2007,12,22,0.3948653320979536,0.3828781512765914,3
11,2007,12,23,0.3395847536930235,0.4637605041371328,3
11,2007,12,24,0.3666493947158305,0.3587184873680133,3
11,2007,12,25,0.3870078419357136,0.3072478991725734,3
11,2007,12,26,0.4561916988066705,0.2746848738770876,3
11,2007,12,27,0.4039299175215485,0.3723739495114442,3
11,2007,12,28,0.4168901215495355,0.3434873949724153,3
11,2007,12,29,0.3482845969745028,0.4390756302285326,3
11,2007,12,30,0.4040457535645348,0.3135504201812416,3
11,2007,12,31,0.3927105013867583,0.3403361344680813,3
11,2008,1,1,0.3898548630731888,0.3387605042159142,3
11,2008,1,2,0.512830524461262,0.1622899159732054,3
11,2008,1,3,0.5892715021191736,0.1155462184082162,3
11,2008,1,4,0.5571518937838595,0.1822478991253045,3
11,2008,1,5,0.471121678697561,0.3398109243420088,3
11,2008,1,6,0.3717939227530534,0.4936974789283067,3
11,2008,1,7,0.3351832707788968,0.5693277310323248,3
11,2008,1,8,0.3202891716606223,0.5514705882584652,3
11,2008,1,9,0.3151018409363497,0.5404411764932957,3
11,2008,1,10,0.3841260700192456,0.3450630252245824,3
11,2008,1,11,0.3339593652943734,0.4648109243892777,3
11,2008,1,12,0.3423077454014059,0.359768907494108,3
11,2008,1,13,0.3859442704428866,0.2956932772813316,3
11,2008,1,14,0.4130162572718247,0.2710084033727314,3
11,2008,1,15,0.4859769305133055,0.2116596637904058,3
11,2008,1,16,0.4799199826325303,0.2132352940425729,3
11,2008,1,17,0.4860443131213524,0.258403361355395,3
11,2008,1,18,0.4088434800154663,0.2799369747596612,3
11,2008,1,19,0.4469691810939976,0.2589285713554172,3
11,2008,1,20,0.5408308937769457,0.0761554621040401,3
11,2008,1,21,0.5983458347124858,0.0824579831127083,3
11,2008,1,22,0.5269964110043007,0.2673319327423248,3
11,2008,1,23,0.4484000374688663,0.2962184874074041,3
11,2008,1,24,0.5223227136434302,0.1759453781166363,3
11,2008,1,25,0.5514392047494495,0.1134453781560271,3
11,2008,1,26,0.5041989110287729,0.2253151260598871,3
11,2008,1,27,0.4435658650789912,0.2636554621119183,3
11,2008,1,28,0.4722676068243447,0.2447478990859137,3
11,2008,1,29,0.4549001283004524,0.3944327730417828,3
11,2008,1,30,0.3941537887085787,0.3345588234594353,3
11,2008,1,31,0.467201762687529,0.2368697478250785,3
11,2008,2,1,0.4070692123742078,0.3014705881639273,3
11,2008,2,2,0.3851286160928734,0.325105041946433,3
11,2008,2,3,0.3839743532036433,0.3518907562332727,3
11,2008,2,4,0.3623784392196299,0.4501050419937019,3
11,2008,2,5,0.3343369621734282,0.5672268907801354,3
11,2008,2,6,0.3046972316733068,0.6449579831363428,3
11,2008,2,7,0.3173540022057021,0.397584033546117,3
11,2008,2,8,0.40361433535704,0.3256302520725054,3
11,2008,2,9,0.3922845924491038,0.4075630251851916,3
11,2008,2,10,0.3897205216470829,0.3188025209377648,3
11,2008,2,11,0.5743765554209236,0.1349789915602932,3
11,2008,2,12,0.5278802955423362,0.2247899159338147,3
11,2008,2,13,0.3993416847008886,0.2951680671552592,3
11,2008,2,14,0.4789233699577624,0.2531512604728215,3
11,2008,2,15,0.4101145672259341,0.420168067202528,3
11,2008,2,16,0.4099036611883915,0.3471638654767716,3
11,2008,2,17,0.4104105140136996,0.4206932773286005,3
11,2008,2,18,0.316451753321855,0.505777310945621,3
11,2008,2,19,0.3990051954506421,0.2846638655161623,3
11,2008,2,20,0.4829489510510756,0.2137605041686454,3
11,2008,2,21,0.5116732950421179,0.1607142857210384,3
11,2008,2,22,0.4986581396920677,0.2946428571552371,3
11,2008,2,23,0.4447120756194228,0.3046218486682614,3
11,2008,2,24,0.4325771317348265,0.2825630251379228,3
11,2008,2,25,0.4083487757234619,0.3503151259811057,3
11,2008,2,26,0.3996585382353601,0.3876050420330926,3
11,2008,2,27,0.4287529922620183,0.2426470588337246,3
11,2008,2,28,0.5306835252737688,0.1444327730732955,3
11,2008,2,29,0.4890806270069967,0.2578781512293226,3
11,2008,3,1,0.3841101073760523,0.363970588250587,3
11,2008,3,2,0.4036555840231564,0.3608193277462528,3
11,2008,3,3,0.3740816824830837,0.5162815125847178,3
11,2008,3,4,0.3088125150032886,0.6228991596060043,3
11,2008,3,5,0.2998856614274111,0.4290966385894578,3
11,2008,3,6,0.3599155131873651,0.3686974790070881,3
11,2008,3,7,0.3701678405701876,0.3739495797636114,3
11,2008,3,8,0.3166652022010335,0.34453781509851,3
11,2008,3,9,0.4112593653590946,0.2662815126162303,3
11,2008,3,10,0.4084863660931297,0.3482142857289165,3
11,2008,3,11,0.3618525158448745,0.399159663798284,3
11,2008,3,12,0.3578299012814754,0.4374999999763655,3
11,2008,3,13,0.3710758811375229,0.471638655397968,3
11,2008,3,14,0.3135284499865909,0.5278361344759595,3
11,2008,3,15,0.286137914225908,0.4852941176674493,3
11,2008,3,16,0.3374423539287798,0.3965336134200224,3
11,2008,3,17,0.383546749106038,0.361344537746275,3
11,2008,3,18,0.3758220465862929,0.4579831932545371,3
11,2008,3,19,0.3247528103266033,0.5929621848148303,3
11,2008,3,20,0.3252051355181265,0.4212184873286226,3
11,2008,3,21,0.3626353973285256,0.4091386554373588,0
11,2008,3,22,0.3490854186749459,0.4212184873286226,0
11,2008,3,23,0.3618687612407476,0.3434873949724153,0
11,2008,3,24,0.3940167635052385,0.3282563024507671,0
11,2008,3,25,0.3851191513368038,0.3571428571158463,0
11,2008,3,26,0.3257966050663475,0.561974789897562,0
11,2008,3,27,0.3161375836663272,0.4936974789283067,0
11,2008,3,28,0.2970274804756249,0.56827731090623,0
11,2008,3,29,0.32727859865339,0.382352941150519,0
11,2008,3,30,0.36517644209487,0.3818277310244465,0
11,2008,3,31,0.3405052255463424,0.4700630251458009,0
11,2008,4,1,0.2986298304191786,0.6649159664144921,0
11,2008,4,2,0.3045620426672255,0.4480042016154623,0
11,2008,4,3,0.3777148340477719,0.3581932772419409,0
11,2008,4,4,0.3243763435428813,0.5236344537194804,0
11,2008,4,5,0.2740703530510681,0.5614495797714896,0
11,2008,4,6,0.3297605953368115,0.454831932750203,0
11,2008,4,7,0.3776049310646135,0.4768907562805416,0
11,2008,4,8,0.3673427151357337,0.5094537814499771,0
11,2008,4,9,0.3505997616773947,0.5724789915366588,0
11,2008,4,10,0.3088830053819765,0.6486344537667494,0
11,2008,4,11,0.2865241281793474,0.7037815125925959,0
11,2008,4,12,0.2730771305944923,0.6769957983057562,0
11,2008,4,13,0.2731202158986091,0.4443277311111062,0
11,2008,4,14,0.3159468781718551,0.3981092436721894,0
11,2008,4,15,0.3351394791355317,0.4112394958155982,0
11,2008,4,16,0.3304862650704114,0.4469537814893677,0
11,2008,4,17,0.3166516409214266,0.5488445377541531,0
11,2008,4,18,0.2990147730026549,0.6192226891016479,0
11,2008,4,19,0.2798740156921099,0.632878151245079,0
11,2008,4,20,0.2694307002655546,0.5698529411583972,0
11,2008,4,21,0.2870473675395463,0.5877100840583072,0
11,2008,4,22,0.2908733435486452,0.6097689075886457,0
11,2008,4,23,0.2879538543232705,0.6470588235145822,0
11,2008,4,24,0.2913073044960663,0.6601890756579911,0
11,2008,4,25,0.2895511187869717,0.6696428571709934,0
11,2008,4,26,0.2828371552862193,0.6832983193144242,0
11,2008,4,27,0.2747108409971371,0.6255252101103161,0
11,2008,4,28,0.29806760238011,0.5493697478802255,0
11,2008,4,29,0.2941127942147454,0.4527310923719634,0
11,2008,4,30,0.3036763215928992,0.4611344537588711,0
11,2008,5,1,0.3028526151314099,0.5724789915366588,0
11,2008,5,2,0.3004281126116874,0.7027310924665013,0
11,2008,5,3,0.2886861634220435,0.7111344537273585,0
11,2008,5,4,0.2795000916483142,0.631302520992912,0
11,2008,5,5,0.2822232248347461,0.5787815125453271,0
11,2008,5,6,0.2949862253794278,0.598214285697404,0
11,2008,5,7,0.3055579491383577,0.6780462184318508,0
11,2008,5,8,0.3029144884696164,0.7011554622143341,0
11,2008,5,9,0.2895184869579175,0.6302521008668174,0
11,2008,5,10,0.2755773502473857,0.5546218487627992,0
11,2008,5,11,0.2734237908044439,0.4879201680457108,0
11,2008,5,12,0.3289388665506305,0.4684873948936339,0
11,2008,5,13,0.3146245121355512,0.5467436975019639,0
11,2008,5,14,0.2991721403627279,0.59506302519307,0
11,2008,5,15,0.3060005271601634,0.6717436974231825,0
11,2008,5,16,0.2969201203680057,0.6323529411190065,0
11,2008,5,17,0.2760545377735538,0.6192226891016479,0
11,2008,5,18,0.2692180989663515,0.6113445378408127,0
11,2008,5,19,0.2831274514278047,0.5640756302758014,0
11,2008,5,20,0.3058375092895232,0.5535714285106543,0
11,2008,5,21,0.2970164619359443,0.560399159645395,0
11,2008,5,22,0.2938340816774586,0.5740546217888258,0
11,2008,5,23,0.2955378586688035,0.6024159663278326,0
11,2008,5,24,0.2873561691659608,0.6223739496059821,0
11,2008,5,25,0.2804164668763862,0.6234243697320767,0
11,2008,5,26,0.3009536121964551,0.7200630252403388,0
11,2008,5,27,0.3379151622804404,0.75840336129237,0
11,2008,5,28,0.3056759040295731,0.6349789916233184,0
11,2008,5,29,0.3059940290357174,0.6281512604885777,0
11,2008,5,30,0.3206284861661524,0.725315125996862,0
11,2008,5,31,0.3346953472284055,0.8072478991095482,0
11,2008,6,1,0.3392098405912029,0.7494747899054401,0
11,2008,6,2,0.3290845090656776,0.6853991596926639,0
11,2008,6,3,0.3333433158929615,0.6943277310795937,0
11,2008,6,4,0.3548024869855731,0.7552521007880357,0
11,2008,6,5,0.3708928038628296,0.8214285713790517,0
11,2008,6,6,0.3727009747031053,0.8466386554137244,0
11,2008,6,7,0.4940737206422652,0.8602941176832055,0
11,2008,6,8,0.5373364629145805,0.8686974789440629,0
11,2008,6,9,0.5697780102642186,0.8660714285658013,0
11,2008,6,10,0.5851709101980347,0.8476890756658693,0
11,2008,6,11,0.4840649314650714,0.7788865545705415,0
11,2008,6,12,0.458902683358089,0.7668067226792776,0
11,2008,6,13,0.4510535276192633,0.8082983193616933,0
11,2008,6,14,0.4722728336805372,0.7909663865878558,0
11,2008,6,15,0.4312236878904019,0.7626050420488488,0
11,2008,6,16,0.4225858589844369,0.7153361344838376,0
11,2008,6,17,0.3842195865692229,0.6696428571709934,0
11,2008,6,18,0.3440033291422572,0.6491596638928219,0
11,2008,6,19,0.343627710175833,0.6428571428841536,0
11,2008,6,20,0.3762718291395993,0.652836134397178,0
11,2008,6,21,0.4236807912753869,0.6948529412056661,1
11,2008,6,22,0.4187635560479195,0.7174369747360267,1
11,2008,6,23,0.4356970736243907,0.7342436975098421,1
11,2008,6,24,0.3989084299571031,0.6985294117100223,1
11,2008,6,25,0.429047243889833,0.7310924370055081,1
11,2008,6,26,0.5060820926968744,0.8161764706225283,1
11,2008,6,27,0.5236302471318736,0.8266806722616251,1
11,2008,6,28,0.5335120406890925,0.8245798318833857,1
11,2008,6,29,0.5333454912239202,0.7830882353270205,1
11,2008,6,30,0.3594322512250291,0.6743697479274944,1
