zone_id,year,month,day,avg_load,avg_temperature,season
1,2004,1,1,0.0557155284103761,0.4117647058156203,3
1,2004,1,2,0.0567435016798477,0.4637605041371328,3
1,2004,1,3,0.050886582774984,0.5693277310323248,3
1,2004,1,4,0.0450621544584472,0.672268907549255,3
1,2004,1,5,0.0481775758988738,0.634453781497246,3
1,2004,1,6,0.0726096337553121,0.3760504201418508,3
1,2004,1,7,0.0926113910801687,0.217962184799074,3
1,2004,1,8,0.0863027120483999,0.2431722688337467,3
1,2004,1,9,0.0849068891034941,0.2473739495902258,3
1,2004,1,10,0.0913185490683747,0.0934873948778776,3
1,2004,1,11,0.0976057560854003,0.1391806721907218,3
1,2004,1,12,0.0691376636605863,0.3686974790070881,3
1,2004,1,13,0.0620489285360628,0.3681722688810157,3
1,2004,1,14,0.068672907284789,0.2746848738770876,3
1,2004,1,15,0.0688169958806124,0.2809873948857558,3
1,2004,1,16,0.0804278527233249,0.1948529411426408,3
1,2004,1,17,0.0744933802507092,0.2510504200945819,3
1,2004,1,18,0.0657812469578765,0.346113445350677,3
1,2004,1,19,0.0820504033116587,0.2405462184554851,3
1,2004,1,20,0.09073908691444,0.2037815125295706,3
1,2004,1,21,0.0903075274323149,0.1759453781166363,3
1,2004,1,22,0.0754531232982554,0.3382352940898418,3
1,2004,1,23,0.0834881814653484,0.1869747898818056,3
1,2004,1,24,0.0715632962756416,0.2163865545469069,3
1,2004,1,25,0.1017063480065392,0.1176470587864557,3
1,2004,1,26,0.1051318424772466,0.2599789916075621,3
1,2004,1,27,0.0890175107097078,0.3198529411899097,3
1,2004,1,28,0.0894024532931841,0.2405462184554851,3
1,2004,1,29,0.0756602153615213,0.2935924369030921,3
1,2004,1,30,0.0772754202454336,0.2463235293380807,3
1,2004,1,31,0.0966984217217006,0.1712184873601352,3
1,2004,2,1,0.0830721609720417,0.1896008402600672,3
1,2004,2,2,0.0819975708378246,0.2489495798423928,3
1,2004,2,3,0.0721606988836907,0.3981092436721894,3
1,2004,2,4,0.06701588843282,0.3277310924507449,3
1,2004,2,5,0.0808022005232052,0.2967436974074262,3
1,2004,2,6,0.0818695862615344,0.4705882352718735,3
1,2004,2,7,0.0733844631274871,0.4133403360677875,3
1,2004,2,8,0.0759653441526767,0.2657563024901578,3
1,2004,2,9,0.0768884999866491,0.3377100839637693,3
1,2004,2,10,0.0658838041349037,0.420168067202528,3
1,2004,2,11,0.0663899506209636,0.346113445350677,3
1,2004,2,12,0.0719375028347948,0.3135504201812416,3
1,2004,2,13,0.0650242167651856,0.3482142857289165,3
1,2004,2,14,0.0643736991340418,0.4080882353112642,3
1,2004,2,15,0.0723521107174112,0.3235294116942659,3
1,2004,2,16,0.0810607124157119,0.2237394958077201,3
1,2004,2,17,0.0833572303591442,0.273634453750993,3
1,2004,2,18,0.0757143192053187,0.3266806721986,3
1,2004,2,19,0.0595737124585414,0.4017857143025959,3
1,2004,2,20,0.0552617906081627,0.4795168066588032,3
1,2004,2,21,0.0539481829208738,0.5378151259889838,3
1,2004,2,22,0.0629605007996396,0.3786764705201125,3
1,2004,2,23,0.0669309891945497,0.3450630252245824,3
1,2004,2,24,0.0615567670856943,0.3886554621591871,3
1,2004,2,25,0.0645932223476786,0.3140756301812637,3
1,2004,2,26,0.0770400755615242,0.2988445377856657,3
1,2004,2,27,0.0640934326775313,0.3392857142159364,3
1,2004,2,28,0.0634872717543705,0.3282563024507671,3
1,2004,2,29,0.0586992924731565,0.4595588235067041,3
1,2004,3,1,0.0517504080445792,0.5462184873758915,3
1,2004,3,2,0.0460606036695059,0.6397058823798196,3
1,2004,3,3,0.0462684020042137,0.5535714285106543,3
1,2004,3,4,0.0429636876800053,0.6003151260756434,3
1,2004,3,5,0.041471664407888,0.6638655461623473,3
1,2004,3,6,0.0428033538239216,0.6727941176753274,3
1,2004,3,7,0.0441443665857818,0.4963235294326186,3
1,2004,3,8,0.0605765408441075,0.4222689075807675,3
1,2004,3,9,0.0628949545922708,0.3744747898896838,3
1,2004,3,10,0.0624929191685587,0.3429621848463429,3
1,2004,3,11,0.0614851465777703,0.4275210083372908,3
1,2004,3,12,0.0515420446113501,0.4585084033806095,3
1,2004,3,13,0.0586714635746943,0.3377100839637693,3
1,2004,3,14,0.0521438263939067,0.3944327730417828,3
1,2004,3,15,0.0452144363047643,0.5414915966193903,3
1,2004,3,16,0.0548981787987025,0.4248949579590291,3
1,2004,3,17,0.0604499689124108,0.3834033612766136,3
1,2004,3,18,0.0567159553306462,0.4206932773286005,3
1,2004,3,19,0.049601369016872,0.4191176470764334,3
1,2004,3,20,0.05415668759483,0.4128151260677653,3
1,2004,3,21,0.0515749589896648,0.5015756301891419,0
1,2004,3,22,0.0692420572382915,0.3146008403073361,0
1,2004,3,23,0.0662926201984193,0.3303571428290066,0
1,2004,3,24,0.0575231339826146,0.4480042016154623,0
1,2004,3,25,0.0465017690467181,0.5677521007801576,0
1,2004,3,26,0.0421303753234288,0.6355042016233405,0
1,2004,3,27,0.0435749341169219,0.6523109243971559,0
1,2004,3,28,0.0424914443929627,0.4669117646414669,0
1,2004,3,29,0.0460730348198767,0.4059873949330246,0
1,2004,3,30,0.0559415497484589,0.4217436974546951,0
1,2004,3,31,0.0574024951107459,0.4301470588416028,0
1,2004,4,1,0.0536867044984531,0.4642857142632052,0
1,2004,4,2,0.0562992284980911,0.4453781512372007,0
1,2004,4,3,0.0549107512237036,0.4485294117415349,0
1,2004,4,4,0.0577262706613608,0.4674369747675393,0
1,2004,4,5,0.0597072063046719,0.3939075630417608,0
1,2004,4,6,0.0539519970307632,0.4453781512372007,0
1,2004,4,7,0.045694307845489,0.5735294117888037,0
1,2004,4,8,0.0430251372282241,0.4978991596847856,0
1,2004,4,9,0.043030363982707,0.5157563024586453,0
1,2004,4,10,0.0477875478694481,0.4905462184239725,0
1,2004,4,11,0.0475362404067325,0.4674369747675393,0
1,2004,4,12,0.0594469992522144,0.4627100840110382,0
1,2004,4,13,0.0537658119515256,0.6171218487234085,0
1,2004,4,14,0.0553343999706924,0.5168067227107902,0
1,2004,4,15,0.050177440850905,0.4789915966587811,0
1,2004,4,16,0.0464612264486245,0.4658613445153723,0
1,2004,4,17,0.0457567462483136,0.6454831932624152,0
1,2004,4,18,0.0485303104432837,0.7473739495272005,0
1,2004,4,19,0.0492232070731991,0.7720588235618511,0
1,2004,4,20,0.0484584074200023,0.7426470587706995,0
1,2004,4,21,0.0463883345707373,0.6717436974231825,0
1,2004,4,22,0.0465983931639173,0.7515756302836796,0
1,2004,4,23,0.0469848896327142,0.7652310924271106,0
1,2004,4,24,0.0492640321866502,0.6286764706146502,0
1,2004,4,25,0.0448458802900818,0.5892857143104742,0
1,2004,4,26,0.0434550015503983,0.7022058823404289,0
1,2004,4,27,0.0432145713527331,0.599789915949571,0
1,2004,4,28,0.046523664851449,0.4989495798108802,0
1,2004,4,29,0.0438535054134816,0.6139705882190745,0
1,2004,4,30,0.041778347084364,0.6675420167927539,0
1,2004,5,1,0.0435510606029795,0.7195378151142662,0
1,2004,5,2,0.0463924312298874,0.7457983192750335,0
1,2004,5,3,0.0441911247590608,0.5582983192671553,0
1,2004,5,4,0.0471383016082673,0.5162815125847178,0
1,2004,5,5,0.0443708117138523,0.6071428570843338,0
1,2004,5,6,0.0476550428440201,0.6507352941449889,0
1,2004,5,7,0.0541985015289835,0.7710084033097062,0
1,2004,5,8,0.0489971857351163,0.6076680672104062,0
1,2004,5,9,0.0518741547209923,0.7174369747360267,0
1,2004,5,10,0.0553026157216137,0.8114495798660273,0
1,2004,5,11,0.0568052337434239,0.8040966386052142,0
1,2004,5,12,0.0550552636095147,0.800420168100858,0
1,2004,5,13,0.0534687351701368,0.8009453781008802,0
1,2004,5,14,0.0546217264520814,0.8103991596138824,0
1,2004,5,15,0.0570476416163974,0.8214285713790517,0
1,2004,5,16,0.051173771112025,0.8082983193616933,0
1,2004,5,17,0.0496266551415047,0.7935924369661174,0
1,2004,5,18,0.053367025573085,0.8082983193616933,0
1,2004,5,19,0.0539115957072999,0.7956932773443568,0
1,2004,5,20,0.0547838967766495,0.6796218486840178,0
1,2004,5,21,0.0575429108374069,0.7904411764617831,0
1,2004,5,22,0.0605480056403002,0.8335084033963658,0
1,2004,5,23,0.0622958568242708,0.8713235294483748,0
1,2004,5,24,0.0627567990562754,0.8639705881875617,0
1,2004,5,25,0.0648323811753806,0.8639705881875617,0
1,2004,5,26,0.0598132950762312,0.8203781512529571,0
1,2004,5,27,0.0578935264318783,0.7946428570922119,0
1,2004,5,28,0.055500525645877,0.8072478991095482,0
1,2004,5,29,0.0585594417772102,0.7127100839795257,0
1,2004,5,30,0.0471281306485621,0.6885504201969979,0
1,2004,5,31,0.0559322263687292,0.7767857143183523,0
1,2004,6,1,0.0527506936563158,0.7788865545705415,0
1,2004,6,2,0.0529604697002352,0.803571428605192,0
1,2004,6,3,0.0561328203075491,0.7878151260835216,0
1,2004,6,4,0.0455774830835098,0.7132352941055982,0
1,2004,6,5,0.0468125483484409,0.7247899159968398,0
1,2004,6,6,0.0489832006655216,0.692226890701354,0
1,2004,6,7,0.0549457845519569,0.7195378151142662,0
1,2004,6,8,0.0563748043905349,0.7652310924271106,0
1,2004,6,9,0.0636282525456495,0.8749999999527311,0
1,2004,6,10,0.0633210048045555,0.874474789952709,0
1,2004,6,11,0.0648739125941768,0.7463235294011059,0
1,2004,6,12,0.051454885148511,0.6785714285579232,0
1,2004,6,13,0.0485383624530503,0.6974789915839277,0
1,2004,6,14,0.0583297476038682,0.8193277311268625,0
1,2004,6,15,0.0599743352715632,0.8508403361702033,0
1,2004,6,16,0.0652332865037599,0.8219537815051241,0
1,2004,6,17,0.0737011754890379,0.8618697479353725,0
1,2004,6,18,0.0728656029078925,0.8713235294483748,0
1,2004,6,19,0.0697370439439436,0.8524159664223703,0
1,2004,6,20,0.0571126227591482,0.7310924370055081,0
1,2004,6,21,0.0506280708824773,0.728466386501196,1
1,2004,6,22,0.0642967106309078,0.8371848739007222,1
1,2004,6,23,0.0566458887080427,0.8135504201182164,1
1,2004,6,24,0.0644454609165961,0.8025210083530472,1
1,2004,6,25,0.0548067814359861,0.7899159663357107,1
1,2004,6,26,0.0585070330594606,0.7888655462096161,1
1,2004,6,27,0.05142352468942,0.7804621848227085,1
1,2004,6,28,0.0566204613087798,0.7394957982663655,1
1,2004,6,29,0.0593900701531333,0.761554621796704,1
1,2004,6,30,0.0624217224506224,0.7720588235618511,1
1,2004,7,1,0.0655217462107641,0.8324579831442209,1
1,2004,7,2,0.0735682467075255,0.8371848739007222,1
1,2004,7,3,0.0731560403241082,0.8188025210007901,1
1,2004,7,4,0.072623195034919,0.8287815126398648,1
1,2004,7,5,0.077019874882841,0.8860294117179004,1
1,2004,7,6,0.0791251223010863,0.8644957983136341,1
1,2004,7,7,0.0737199635231277,0.835084033648533,1
1,2004,7,8,0.0731509548442556,0.8644957983136341,1
1,2004,7,9,0.0756407210220864,0.8739495798266366,1
1,2004,7,10,0.0678439740688168,0.8518907562962978,1
1,2004,7,11,0.0696908508352826,0.8660714285658013,1
1,2004,7,12,0.0739798880602279,0.8471638655397968,1
1,2004,7,13,0.076755853720494,0.8581932773049661,1
1,2004,7,14,0.0763675208510191,0.8613445378093001,1
1,2004,7,15,0.0654237094489714,0.8188025210007901,1
1,2004,7,16,0.063146685844974,0.8172268907486229,1
1,2004,7,17,0.0593876686539342,0.8408613445311286,1
1,2004,7,18,0.0597671019675702,0.8103991596138824,1
1,2004,7,19,0.064918410542887,0.8214285713790517,1
1,2004,7,20,0.0653652264306666,0.838235294152867,1
1,2004,7,21,0.0689273225520489,0.842962184909368,1
1,2004,7,22,0.0638260211952825,0.8571428571788715,1
1,2004,7,23,0.0712985688079495,0.8046218487312866,1
1,2004,7,24,0.067125932588899,0.7752100840661853,1
1,2004,7,25,0.0585155088592149,0.8009453781008802,1
1,2004,7,26,0.0592982489665261,0.8014705882269526,1
1,2004,7,27,0.0622406228512375,0.8560924369267264,1
1,2004,7,28,0.0676357519441212,0.8114495798660273,1
1,2004,7,29,0.0591302868906635,0.8161764706225283,1
1,2004,7,30,0.0696213492772972,0.8560924369267264,1
1,2004,7,31,0.0758030325873816,0.8660714285658013,1
1,2004,8,1,0.0784462107407655,0.8545168066745594,1
1,2004,8,2,0.0703423573210322,0.8272058823876978,1
1,2004,8,3,0.0735313769785942,0.7851890755792097,1
1,2004,8,4,0.0766973707021892,0.8534663865484649,1
1,2004,8,5,0.0592779070471158,0.7998949579747854,1
1,2004,8,6,0.0511928416614722,0.7090336134751694,1
1,2004,8,7,0.0507778100227713,0.6801470588100902,1
1,2004,8,8,0.0538310756096339,0.7190126049881937,1
1,2004,8,9,0.0605467342703371,0.7788865545705415,1
1,2004,8,10,0.0634597254051689,0.8103991596138824,1
1,2004,8,11,0.0632031911879705,0.8182773108747174,1
1,2004,8,12,0.0535448760932954,0.8151260503703834,1
1,2004,8,13,0.0552492181831615,0.7704831933096841,1
1,2004,8,14,0.0481850628779255,0.7394957982663655,1
1,2004,8,15,0.0498131227360996,0.7295168067533411,1
1,2004,8,16,0.0574338555698369,0.7452731092750113,1
1,2004,8,17,0.0559004421196505,0.7578781512923478,1
1,2004,8,18,0.0635766914417785,0.7972689075965238,1
1,2004,8,19,0.0702381049840541,0.8419117646572232,1
1,2004,8,20,0.0730763678064176,0.8681722689440408,1
1,2004,8,21,0.0656284000130382,0.835084033648533,1
1,2004,8,22,0.0568777018313233,0.726890756249029,1
1,2004,8,23,0.0605100058160361,0.7163865546099322,1
1,2004,8,24,0.0632000833834262,0.7547268907880138,1
1,2004,8,25,0.0574400711450223,0.763130252048871,1
1,2004,8,26,0.0566560596677479,0.7920168067139504,1
1,2004,8,27,0.0632137859376634,0.7972689075965238,1
1,2004,8,28,0.0684108638316535,0.7883403360835437,1
1,2004,8,29,0.063459866645896,0.8103991596138824,1
1,2004,8,30,0.060821915246995,0.8345588235224604,1
1,2004,8,31,0.0645617206139573,0.8230042016312187,1
1,2004,9,1,0.0613334297621681,0.7720588235618511,1
1,2004,9,2,0.05600257550669,0.7452731092750113,1
1,2004,9,3,0.0552393297388137,0.7626050420488488,1
1,2004,9,4,0.0593376614353837,0.7862394958313546,1
1,2004,9,5,0.0598562391396208,0.764180672301016,1
1,2004,9,6,0.0515116730068649,0.7820378150748755,1
1,2004,9,7,0.0522497738908356,0.806722689109526,1
1,2004,9,8,0.0536852918538596,0.8182773108747174,1
1,2004,9,9,0.0565744094747491,0.8366596639007,1
1,2004,9,10,0.0531559781592025,0.7704831933096841,1
1,2004,9,11,0.0535267943984539,0.7316176470055302,1
1,2004,9,12,0.0545202994042902,0.7053571428447629,1
1,2004,9,13,0.0534277688159587,0.7090336134751694,1
1,2004,9,14,0.050327745055817,0.726890756249029,1
1,2004,9,15,0.0495871013980168,0.7636554621749434,1
1,2004,9,16,0.0495863950926716,0.7757352940662074,1
1,2004,9,17,0.0512527373243705,0.8193277311268625,1
1,2004,9,18,0.045516174776018,0.7195378151142662,1
1,2004,9,19,0.0434903173940091,0.61974789910167,1
1,2004,9,20,0.043874553638237,0.6171218487234085,1
1,2004,9,21,0.0455671708491743,0.6349789916233184,1
1,2004,9,22,0.0512794360935966,0.7079831932230245,1
1,2004,9,23,0.0528302249332793,0.725315125996862,2
1,2004,9,24,0.0501932623550808,0.6896008403230924,2
1,2004,9,25,0.0500125865456835,0.6685924369188485,2
1,2004,9,26,0.0497330264284213,0.6822478991883296,2
1,2004,9,27,0.0458691918357854,0.7373949580141763,2
1,2004,9,28,0.0482551294666258,0.7841386554531151,2
1,2004,9,29,0.0488268221600545,0.7095588234751915,2
1,2004,9,30,0.0471585022530474,0.7121848739795036,2
1,2004,10,1,0.0437697362366409,0.6948529412056661,2
1,2004,10,2,0.0477964474591901,0.7310924370055081,2
1,2004,10,3,0.0444545808567898,0.6838235294404968,2
1,2004,10,4,0.0466395007927257,0.6586134454058241,2
1,2004,10,5,0.0439526722706071,0.6118697478408348,2
1,2004,10,6,0.0444797257406953,0.5388655462411287,2
1,2004,10,7,0.0457248207246046,0.563550420149729,2
1,2004,10,8,0.0453202425609662,0.615021008345169,2
1,2004,10,9,0.0439542261559276,0.6249999999842437,2
1,2004,10,10,0.0447228399190139,0.6649159664144921,2
1,2004,10,11,0.045222488314531,0.5456932772498191,2
1,2004,10,12,0.045301172011519,0.5126050419543111,2
1,2004,10,13,0.0462960896280456,0.5477941176280585,2
1,2004,10,14,0.045262748363364,0.6129201680929799,2
1,2004,10,15,0.0443489159091214,0.6234243697320767,2
1,2004,10,16,0.0482301258573505,0.5898109243104963,2
1,2004,10,17,0.0483285864091309,0.5283613444759816,2
1,2004,10,18,0.0503643322354877,0.5693277310323248,2
1,2004,10,19,0.0457529321384241,0.7158613444838597,2
1,2004,10,20,0.04551024171619,0.6223739496059821,2
1,2004,10,21,0.0471433870881199,0.5856092436800675,2
1,2004,10,22,0.0474211107708009,0.5525210083845598,2
1,2004,10,23,0.0493025970755323,0.532037815106388,2
1,2004,10,24,0.0480768551564277,0.4900210084239504,2
1,2004,10,25,0.0460001429419896,0.5199579832151242,2
1,2004,10,26,0.0444083877481287,0.52573529409772,2
1,2004,10,27,0.0482299846166234,0.5131302520803835,2
1,2004,10,28,0.0487585919720322,0.5315126049803156,2
1,2004,10,29,0.0454866507515083,0.56827731090623,2
1,2004,10,30,0.044017229589467,0.6843487394405188,2
1,2004,10,31,0.0424619203345497,0.7447478991489389,2
1,2004,11,1,0.0448686236747882,0.6003151260756434,2
1,2004,11,2,0.0456265014474545,0.6901260504491649,2
1,2004,11,3,0.0447858433864565,0.6607142856580133,2
1,2004,11,4,0.0498290854810025,0.5556722688888938,2
1,2004,11,5,0.0504743763915667,0.5094537814499771,2
1,2004,11,6,0.0512907371486346,0.4711134453979459,2
1,2004,11,7,0.0470765695107879,0.5688025210323027,2
1,2004,11,8,0.0481877468585789,0.513655462206456,2
1,2004,11,9,0.0577659656455758,0.3981092436721894,2
1,2004,11,10,0.0602810179480392,0.3681722688810157,2
1,2004,11,11,0.058677679183783,0.4637605041371328,2
1,2004,11,12,0.0538676628232078,0.5425420167454851,2
1,2004,11,13,0.0536379686498657,0.4332983193459368,2
1,2004,11,14,0.0619213677497603,0.359768907494108,2
1,2004,11,15,0.0620079621479814,0.4007352940504511,2
1,2004,11,16,0.0601418735913413,0.4117647058156203,2
1,2004,11,17,0.0503249197666301,0.4196428570764556,2
1,2004,11,18,0.0469141167047656,0.4795168066588032,2
1,2004,11,19,0.0440916753865779,0.5246848739716254,2
1,2004,11,20,0.047152286677862,0.56827731090623,2
1,2004,11,21,0.0457342853789646,0.5283613444759816,2
1,2004,11,22,0.04921953423794,0.5346638654846498,2
1,2004,11,23,0.0517279471752303,0.5551470587628213,2
1,2004,11,24,0.0537152396683571,0.6129201680929799,2
1,2004,11,25,0.0556391049718601,0.598214285697404,2
1,2004,11,26,0.0650011908312187,0.3529411764854176,2
1,2004,11,27,0.0657401393290681,0.4432773108589612,2
1,2004,11,28,0.0557840411476589,0.5572478991410608,2
1,2004,11,29,0.0608683908710134,0.4138655461938599,2
1,2004,11,30,0.0583895019921362,0.4233193277068621,2
1,2004,12,1,0.0567679402245049,0.5414915966193903,2
1,2004,12,2,0.0631612359791866,0.397584033546117,2
1,2004,12,3,0.0615622763555346,0.418592436950361,2
1,2004,12,4,0.0658332318517353,0.3781512605200903,2
1,2004,12,5,0.0599240455376553,0.4448529411111283,2
1,2004,12,6,0.0587767047662782,0.5047268906934759,2
1,2004,12,7,0.0524099665061922,0.6113445378408127,2
1,2004,12,8,0.0496803351953143,0.5987394958234764,2
1,2004,12,9,0.0637279844673931,0.512079831954289,2
1,2004,12,10,0.0580195333328602,0.6265756302364107,2
1,2004,12,11,0.0588200726196555,0.4989495798108802,2
1,2004,12,12,0.0642889411364986,0.4222689075807675,2
1,2004,12,13,0.0667720679491562,0.4579831932545371,2
1,2004,12,14,0.0831823463688479,0.3350840335855077,2
1,2004,12,15,0.0864675663536213,0.2626050419858237,2
1,2004,12,16,0.0798920409042218,0.2867647058944018,2
1,2004,12,17,0.0668150119786426,0.3566176469897739,2
1,2004,12,18,0.072533775347511,0.3702731092592551,2
1,2004,12,19,0.0815104948673087,0.3419117647202483,2
1,2004,12,20,0.1175087703092159,0.1181722689125282,2
1,2004,12,21,0.0865243542119753,0.2794117646335887,3
1,2004,12,22,0.0677568146059776,0.4705882352718735,3
1,2004,12,23,0.0614522322333588,0.5640756302758014,3
1,2004,12,24,0.0847983988666388,0.2977941176595711,3
1,2004,12,25,0.0918234242183746,0.2284663865642213,3
1,2004,12,26,0.0861517015381427,0.2415966385815796,3
1,2004,12,27,0.0843553970548454,0.2263655461859817,3
1,2004,12,28,0.0852528429741973,0.1785714284948979,3
1,2004,12,29,0.0638572404136464,0.3602941176201804,3
1,2004,12,30,0.0623080054592843,0.4112394958155982,3
1,2004,12,31,0.0592793196917092,0.4522058823719414,3
1,2005,1,1,0.0467851432738697,0.5189075629629794,3
1,2005,1,2,0.0476270727048308,0.4684873948936339,3
1,2005,1,3,0.0444057037674753,0.5709033612844918,3
1,2005,1,4,0.0368132235882848,0.5992647058234986,3
1,2005,1,5,0.0370049179373627,0.4695378151457789,3
1,2005,1,6,0.0409536517682689,0.5814075630496389,3
1,2005,1,7,0.0478607222626926,0.4669117646414669,3
1,2005,1,8,0.0499754343013948,0.4926470588022121,3
1,2005,1,9,0.057905816341522,0.3602941176201804,3
1,2005,1,10,0.0524328511655289,0.3996848739243565,3
1,2005,1,11,0.0477132433469675,0.4086134453112862,3
1,2005,1,12,0.0413736276460953,0.5446428571237245,3
1,2005,1,13,0.0363130101620529,0.6323529411190065,3
1,2005,1,14,0.0468235668881215,0.4999999999369748,3
1,2005,1,15,0.068587019191913,0.3167016806855756,3
1,2005,1,16,0.0690105266642715,0.3035714285421668,3
1,2005,1,17,0.0928710330680082,0.2090336134121442,3
1,2005,1,18,0.1023752298478819,0.1108193276517151,3
1,2005,1,19,0.1001082359628626,0.128676470551625,3
1,2005,1,20,0.069105596862247,0.255252100851061,3
1,2005,1,21,0.0828572994482698,0.1953781512687133,3
1,2005,1,22,0.0950190832411097,0.1880252100079001,3
1,2005,1,23,0.1090305690896024,0.1334033613081262,3
1,2005,1,24,0.100490353257152,0.1554621848384648,3
1,2005,1,25,0.0726258790494756,0.2699579831205865,3
1,2005,1,26,0.0616543800574993,0.3560924369897517,3
1,2005,1,27,0.066106576393812,0.1691176469818957,3
1,2005,1,28,0.0897982731417107,0.1045168066430469,3
1,2005,1,29,0.0946334343522883,0.2022058822774036,3
1,2005,1,30,0.0733066270104745,0.2767857142553271,3
1,2005,1,31,0.0713401002267457,0.2678571428683973,3
1,2005,2,1,0.0769910571636763,0.2925420167769975,3
1,2005,2,2,0.0795102061252898,0.2704831932466589,3
1,2005,2,3,0.0787387670730166,0.2641806722379908,3
1,2005,2,4,0.0681954372432636,0.3035714285421668,3
1,2005,2,5,0.0624977221330539,0.3576680672419187,3
1,2005,2,6,0.0630745003063352,0.363970588250587,3
1,2005,2,7,0.0586374191349499,0.3051470587943339,3
1,2005,2,8,0.0519382882498645,0.3939075630417608,3
1,2005,2,9,0.0518153891534269,0.4789915966587811,3
1,2005,2,10,0.0663533634412929,0.4243697478329567,3
1,2005,2,11,0.084101829367561,0.2956932772813316,3
1,2005,2,12,0.0641852538641385,0.3539915966115122,3
1,2005,2,13,0.0605830389685535,0.3555672268636793,3
1,2005,2,14,0.0643256695907996,0.4343487394720314,3
1,2005,2,15,0.0560619061049703,0.4984243696848078,3
1,2005,2,16,0.0561089467936067,0.4921218486761395,3
1,2005,2,17,0.067981423299467,0.3545168067375847,3
1,2005,2,18,0.0774895754638605,0.2762605041292547,3
1,2005,2,19,0.0748386278160674,0.220588235303386,3
1,2005,2,20,0.0712172011303081,0.2988445377856657,3
1,2005,2,21,0.0611130589685558,0.4926470588022121,3
1,2005,2,22,0.053398951096794,0.3865546217809477,3
1,2005,2,23,0.0556607182612336,0.3676470587549431,3
1,2005,2,24,0.0788263503597467,0.3193277310638373,3
1,2005,2,25,0.0731882483631746,0.2431722688337467,3
1,2005,2,26,0.0697402930231182,0.2804621848857336,3
1,2005,2,27,0.072652154028714,0.2815126050118282,3
1,2005,2,28,0.0849270897482741,0.3503151259811057,3
1,2005,3,1,0.0809639470577855,0.3240546218203384,3
1,2005,3,2,0.0852428132891224,0.3030462184160944,3
1,2005,3,3,0.0821080387499881,0.2746848738770876,3
1,2005,3,4,0.0755630261797041,0.3088235294247404,3
1,2005,3,5,0.0723670846077084,0.3177521008116702,3
1,2005,3,13,0.0533722523275679,0.3776260503940179,3
1,2005,3,14,0.0616562164581773,0.3203781511899318,3
1,2005,3,15,0.0625077518181288,0.330882352955079,3
1,2005,3,16,0.0694300787521102,0.3345588234594353,3
1,2005,3,17,0.0751437566072228,0.3356092437115802,3
1,2005,3,18,0.0655984521985407,0.3792016806461849,3
1,2005,3,19,0.0595593035989591,0.4238445378329346,3
1,2005,3,20,0.0514424539642369,0.4795168066588032,3
1,2005,3,21,0.0548774130893044,0.4311974789676974,0
1,2005,3,22,0.0565704540902293,0.4017857143025959,0
1,2005,3,23,0.0539947998195225,0.5231092437194584,0
1,2005,3,24,0.0504394843379437,0.3970588235460948,0
1,2005,3,25,0.0589825254256778,0.39600840329395,0
1,2005,3,26,0.0568514268520849,0.4269957983372687,0
1,2005,3,27,0.0596266862070059,0.4501050419937019,0
1,2005,3,28,0.052078845285059,0.56827731090623,0
1,2005,3,29,0.0469968969930973,0.5099789915760495,0
1,2005,3,30,0.0470063616474574,0.4658613445153723,0
1,2005,3,31,0.0479079042259594,0.4789915966587811,0
1,2005,4,1,0.0517660882741247,0.5031512604413089,0
1,2005,4,2,0.0538142652847555,0.5535714285106543,0
1,2005,4,3,0.0573892163464964,0.4726890756501129,0
1,2005,4,4,0.047749689285911,0.5294117647281265,0
1,2005,4,5,0.0463479332811772,0.510504201702122,0
1,2005,4,6,0.0441275562609034,0.6780462184318508,0
1,2005,4,7,0.0434189794014425,0.68907563019702,0
1,2005,4,8,0.0423480621024845,0.599789915949571,0
1,2005,4,9,0.0422255867960346,0.5042016806934537,0
1,2005,4,10,0.0449213149078953,0.4978991596847856,0
1,2005,4,11,0.0446678884952412,0.4779411764066362,0
1,2005,4,12,0.0486615440648453,0.4049369748069301,0
1,2005,4,13,0.0569994708324281,0.4443277311111062,0
1,2005,4,14,0.052979257734325,0.4595588235067041,0
1,2005,4,15,0.0483324005190204,0.4264705882111962,0
1,2005,4,16,0.0529127227062536,0.418592436950361,0
1,2005,4,17,0.0500426756348113,0.5084033613238825,0
1,2005,4,18,0.045220086849235,0.6118697478408348,0
1,2005,4,19,0.0451368827370123,0.6580882352797517,0
1,2005,4,20,0.0470219006023726,0.7473739495272005,0
1,2005,4,21,0.0462120379358475,0.6297268907407447,0
1,2005,4,22,0.042534247181722,0.5372899159889617,0
1,2005,4,23,0.0443893171986815,0.632878151245079,0
1,2005,4,24,0.0582490862315719,0.4779411764066362,0
1,2005,4,25,0.0505044654806945,0.527310924349887,0
1,2005,4,26,0.0464380592739304,0.5698529411583972,0
1,2005,4,27,0.0447073009640987,0.6286764706146502,0
1,2005,4,28,0.0474390512249153,0.5803571427974941,0
1,2005,4,29,0.0460522691104786,0.5772058822931598,0
1,2005,4,30,0.0441422476358432,0.6733193276753495,0
1,2005,5,1,0.0423951027911209,0.5887605041844017,0
1,2005,5,2,0.0498348773001035,0.5446428571237245,0
1,2005,5,3,0.0501154262719714,0.5178571428368848,0
1,2005,5,4,0.0462216438648379,0.5005252100630473,0
1,2005,5,5,0.0467519463801976,0.5078781511978101,0
1,2005,5,6,0.0478012503897821,0.4711134453979459,0
1,2005,5,7,0.0478611460526803,0.5498949580062982,0
1,2005,5,8,0.0447902225270608,0.6018907563278104,0
1,2005,5,9,0.0464846761725791,0.561974789897562,0
1,2005,5,10,0.0475711324264523,0.5220588234673134,0
1,2005,5,11,0.0519209128603681,0.6775210084318286,0
1,2005,5,12,0.0558105986422547,0.7442226890228665,0
1,2005,5,13,0.044515041584306,0.5871848739322347,0
1,2005,5,14,0.0472456617158865,0.7368697478881037,0
1,2005,5,15,0.0439771108152643,0.7773109243183745,0
1,2005,5,16,0.0452772984975766,0.7022058823404289,0
1,2005,5,17,0.0445811528223897,0.6617647059101581,0
1,2005,5,18,0.047434107019693,0.6454831932624152,0
1,2005,5,19,0.0447136578139145,0.6617647059101581,0
1,2005,5,20,0.0434668676700544,0.6780462184318508,0
1,2005,5,21,0.0431714860486164,0.6228991596060043,0
1,2005,5,22,0.0438255352742923,0.6943277310795937,0
1,2005,5,23,0.0470029713275557,0.6911764705752594,0
1,2005,5,24,0.0434574030156943,0.598214285697404,0
1,2005,5,25,0.0442778604319123,0.5577731092671332,0
1,2005,5,26,0.0472264499257122,0.6675420167927539,0
1,2005,5,27,0.0479944986241805,0.7841386554531151,0
1,2005,5,28,0.0461327892081447,0.7179621848620992,0
1,2005,5,29,0.0476683216082696,0.7195378151142662,0
1,2005,5,30,0.0506102717029932,0.7505252100315347,0
1,2005,5,31,0.0494732431659515,0.7169117647360046,0
1,2005,6,1,0.0453809857699367,0.6691176470449209,0
1,2005,6,2,0.0460508564997884,0.6433823528841758,0
1,2005,6,3,0.0446589889054991,0.7006302520882617,0
1,2005,6,4,0.052083648215651,0.765756302553183,0
1,2005,6,5,0.0627729030758086,0.8209033613790295,0
1,2005,6,6,0.0692859901562868,0.8644957983136341,0
1,2005,6,7,0.0623465703481664,0.8576680671788937,0
1,2005,6,8,0.0663715864107647,0.87920168070921,0
1,2005,6,9,0.0642770750168425,0.8765756302048981,0
1,2005,6,10,0.0668698221616883,0.8707983193223023,0
1,2005,6,11,0.0643594315490897,0.8571428571788715,0
1,2005,6,12,0.0616155326193565,0.8702731091962299,0
1,2005,6,13,0.0688100740000819,0.910714285752551,0
1,2005,6,14,0.0773793900670543,0.9506302520567492,0
1,2005,6,15,0.0723244230935793,0.9448529411741532,0
1,2005,6,16,0.0620972405946624,0.8949579832308805,0
1,2005,6,17,0.0545616895484561,0.8203781512529571,0
1,2005,6,18,0.0504483839276857,0.7851890755792097,0
1,2005,6,19,0.0483784523530511,0.761554621796704,0
1,2005,6,27,0.0739195686073419,0.8723739495744693,1
1,2005,6,28,0.0650738001937484,0.9075630252482167,1
1,2005,6,29,0.0671476871189996,0.8287815126398648,1
1,2005,6,30,0.074103775977368,0.8713235294483748,1
1,2005,7,1,0.077072566115948,0.9070378151221444,1
1,2005,7,2,0.0692162060490408,0.8671218486918959,1
1,2005,7,3,0.0681546121298125,0.8319327731441988,1
1,2005,7,4,0.0686546843153173,0.8193277311268625,1
1,2005,7,5,0.0700216895749616,0.8555672269267045,1
1,2005,7,6,0.0704696355919773,0.8949579832308805,1
1,2005,7,7,0.0547542314775094,0.8581932773049661,1
1,2005,7,8,0.062185812702095,0.8629201680614671,1
1,2005,7,9,0.0680812964619377,0.8713235294483748,1
1,2005,7,10,0.0724262739652615,0.8881302520961398,1
1,2005,7,11,0.072189234087498,0.909663865500406,1
1,2005,7,12,0.076761786780322,0.9343487395350564,1
1,2005,7,13,0.0760136562112764,0.8870798319700453,1
1,2005,7,14,0.0635961857812134,0.9007352941134764,1
1,2005,7,15,0.0682145077927108,0.8886554622222123,1
1,2005,7,16,0.073560901003104,0.9059873949960496,1
1,2005,7,17,0.0780228445430373,0.9390756302915576,1
1,2005,7,18,0.0805069601763975,0.9527310924349884,1
1,2005,7,19,0.0808697244058823,0.9721638655870656,1
1,2005,7,20,0.0832283982028786,0.9406512605437248,1
1,2005,7,21,0.08587058753556,0.9332983192829116,1
1,2005,7,22,0.0823322236534898,0.9264705882742216,1
1,2005,7,23,0.0810145193070508,0.9101890756264784,1
1,2005,7,24,0.0752050649147145,0.8655462184397289,1
1,2005,7,25,0.0885588286683689,0.8923319327265686,1
1,2005,7,26,0.0908881197154857,0.9642857143262304,1
1,2005,7,27,0.0921117426846517,0.9910714286130702,1
1,2005,7,28,0.0687498958218262,0.87920168070921,1
1,2005,7,29,0.0603472704607532,0.8508403361702033,1
1,2005,7,30,0.0626066361598969,0.8513655461702254,1
1,2005,7,31,0.0615843134348959,0.8471638655397968,1
1,2005,8,1,0.0699685745518668,0.8587184874310385,1
1,2005,8,2,0.0765967912343734,0.8797268907092322,1
1,2005,8,3,0.0820347230821132,0.915441176509052,1
1,2005,8,4,0.0831237220759128,0.9070378151221444,1
1,2005,8,5,0.0841266917361091,0.9264705882742216,1
1,2005,8,6,0.0778319977739349,0.9217436975177202,1
1,2005,8,7,0.0708340949814129,0.9086134453743112,1
1,2005,8,8,0.0715182332623134,0.8923319327265686,1
1,2005,8,9,0.0654759768920908,0.8665966386918738,1
1,2005,8,10,0.0747325390784113,0.8860294117179004,1
1,2005,8,11,0.082222179531314,0.913865546256885,1
1,2005,8,12,0.0859366987736436,0.910714285752551,1
1,2005,8,13,0.0868399364781933,0.915441176509052,1
1,2005,8,14,0.0873250347734009,0.9175420167612413,1
1,2005,8,15,0.0844596493918235,0.9143907562569072,1
1,2005,8,16,0.0729743756601052,0.8660714285658013,1
1,2005,8,17,0.0697993410721379,0.8240546218833635,1
1,2005,8,18,0.0587511360923849,0.8209033613790295,1
1,2005,8,19,0.0695278329646423,0.8256302521355305,1
1,2005,8,20,0.0807591152190885,0.8644957983136341,1
1,2005,8,21,0.0827368018171282,0.912289916004718,1
1,2005,8,22,0.0741505341506471,0.8839285714657112,1
1,2005,8,23,0.0653131002621776,0.7904411764617831,1
1,2005,8,24,0.0666586334731755,0.8098739496138603,1
1,2005,8,25,0.063738579217086,0.7694327730575392,1
1,2005,8,26,0.0556601531966156,0.763130252048871,1
1,2005,8,27,0.0520915589846905,0.800420168100858,1
1,2005,8,28,0.0658378935416001,0.8424369747832956,1
1,2005,8,29,0.0652479778786996,0.8345588235224604,1
1,2005,8,30,0.0691766523394561,0.8755252100788036,1
1,2005,8,31,0.0681952959686333,0.9222689075177424,1
1,2005,9,1,0.0631421654297394,0.8356092436485549,1
1,2005,9,2,0.0642472684430721,0.8277310923877199,1
1,2005,9,3,0.062122526719295,0.8103991596138824,1
1,2005,9,4,0.058088752341585,0.7594537815445148,1
1,2005,9,5,0.0528481653534904,0.7752100840661853,1
1,2005,9,6,0.0530695250017084,0.7521008402837017,1
1,2005,9,7,0.051839686457357,0.756827731040203,1
1,2005,9,8,0.0522186959810053,0.7489495797793677,1
1,2005,9,9,0.0550154273506695,0.7594537815445148,1
1,2005,9,17,0.0629946865140143,0.8655462184397289,1
1,2005,9,18,0.0615307746218134,0.8245798318833857,1
1,2005,9,19,0.0616810788267254,0.805147058857359,1
1,2005,9,20,0.0624180496153633,0.8272058823876978,1
1,2005,9,21,0.0597816521017828,0.7899159663357107,1
1,2005,9,22,0.0600578218991433,0.7699579831836116,1
1,2005,9,23,0.0664528128137759,0.8492647059180363,2
1,2005,9,24,0.0553907640390586,0.8014705882269526,2
1,2005,9,25,0.0499381407824758,0.7636554621749434,2
1,2005,9,26,0.0534263561713652,0.8124999999921219,2
1,2005,9,27,0.0539991789601268,0.7636554621749434,2
1,2005,9,28,0.0497696136419952,0.7106092437273366,2
1,2005,9,29,0.0472929849537836,0.7557773109141084,2
1,2005,9,30,0.0430853154064798,0.6444327731363206,2
1,2005,10,1,0.0465975455839419,0.6502100840189164,2
1,2005,10,2,0.0500456421647254,0.6591386554058463,2
1,2005,10,3,0.0493126267606072,0.7300420167533632,2
1,2005,10,4,0.0488533796885535,0.7851890755792097,2
1,2005,10,5,0.0486748228290948,0.7893907563356886,2
1,2005,10,6,0.0505208520155852,0.8198529411268847,2
1,2005,10,7,0.0502777378372666,0.8198529411268847,2
1,2005,10,8,0.0508040850020097,0.7946428570922119,2
1,2005,10,9,0.0466458576425415,0.6717436974231825,2
1,2005,10,10,0.0455955647783512,0.6974789915839277,2
1,2005,10,11,0.0453017370422338,0.6948529412056661,2
1,2005,10,12,0.0446755167150201,0.6733193276753495,2
1,2005,10,13,0.0466215603386114,0.6691176470449209,2
1,2005,10,14,0.0449665191619506,0.68907563019702,2
1,2005,10,15,0.0448823262290254,0.7300420167533632,2
1,2005,10,16,0.0435325551181503,0.6775210084318286,2
1,2005,10,17,0.0454585393376887,0.5908613445626412,2
1,2005,10,18,0.0459730203827758,0.6670168066666813,2
1,2005,10,19,0.0473130443239334,0.6838235294404968,2
1,2005,10,20,0.0479831975691425,0.6759453781796616,2
1,2005,10,21,0.0456532002166806,0.652836134397178,2
1,2005,10,22,0.0465894935741753,0.7027310924665013,2
1,2005,10,23,0.0466177462287219,0.5793067226713995,2
1,2005,10,24,0.0539367405912054,0.5945378150669973,2
1,2005,10,25,0.0598213470859978,0.5141806722064781,2
1,2005,10,26,0.0566352939583498,0.5262605042237924,2
1,2005,10,27,0.0596991542949053,0.4831932772892097,2
1,2005,10,28,0.0534459917854305,0.4642857142632052,2
1,2005,10,29,0.0559361817532489,0.4443277311111062,2
1,2005,10,30,0.0527755560248639,0.52573529409772,2
1,2005,10,31,0.0502401617690869,0.5719537815366367,2
1,2005,11,1,0.0495660531732613,0.6108193277147402,2
1,2005,11,2,0.0477337265410081,0.5577731092671332,2
1,2005,11,3,0.051612393749311,0.5372899159889617,2
1,2005,11,4,0.0481429663945114,0.636029411749413,2
1,2005,11,5,0.0446537621510162,0.672268907549255,2
1,2005,11,6,0.0441563739800681,0.6843487394405188,2
1,2005,11,7,0.0446022010471452,0.6034663865799776,2
1,2005,11,8,0.0476185969050765,0.6092436974625732,2
1,2005,11,9,0.0450971877527974,0.6959033613317607,2
1,2005,11,10,0.0468359980723956,0.6113445378408127,2
1,2005,11,11,0.0576638322585363,0.4700630251458009,2
1,2005,11,12,0.0556655211918256,0.4695378151457789,2
1,2005,11,13,0.0508186351023191,0.6060924369582392,2
1,2005,11,14,0.0442743288712834,0.6759453781796616,2
1,2005,11,15,0.043785133950829,0.6811974789361848,2
1,2005,11,16,0.0454783162263842,0.7200630252403388,2
1,2005,11,17,0.0634001122576281,0.4432773108589612,2
1,2005,11,18,0.0724453445147087,0.3256302520725054,2
1,2005,11,19,0.0691940277289525,0.3529411764854176,2
1,2005,11,20,0.0562072660707568,0.4789915966587811,2
1,2005,11,21,0.0581441275892487,0.566701680654063,2
1,2005,11,22,0.0656050915637138,0.477415966406614,2
1,2005,11,23,0.0783420996445145,0.3739495797636114,2
1,2005,11,24,0.0619377542846509,0.510504201702122,2
1,2005,11,25,0.0781738550193913,0.2657563024901578,2
1,2005,11,26,0.0764535502185254,0.3198529411899097,2
1,2005,11,27,0.0718684250667971,0.4600840336327765,2
1,2005,11,28,0.0567015464710638,0.6706932772970879,2
1,2005,11,29,0.0474609470296462,0.6880252100709254,2
1,2005,11,30,0.0561887605859276,0.5551470587628213,2
1,2005,12,1,0.0672002370774764,0.3986344537982619,2
1,2005,12,2,0.0703501268154414,0.4017857143025959,2
1,2005,12,3,0.07431326950593,0.3455882352246046,2
1,2005,12,4,0.0598227597305913,0.5047268906934759,2
1,2005,12,5,0.0772249892368955,0.3345588234594353,2
1,2005,12,6,0.0805633242447637,0.3051470587943339,2
1,2005,12,7,0.084796844947415,0.2893907562726635,2
1,2005,12,8,0.0867379443657841,0.2594537814814896,2
1,2005,12,9,0.0821104402152841,0.3734243697635892,2
1,2005,12,10,0.0834111929622144,0.3314075629551011,2
1,2005,12,11,0.0774019922110336,0.4248949579590291,2
1,2005,12,12,0.0756490555472104,0.3870798319070201,2
1,2005,12,13,0.0833332156044747,0.2678571428683973,2
1,2005,12,14,0.0981675603344813,0.2452731092119862,2
1,2005,12,15,0.0916040422793681,0.4259453780851237,2
1,2005,12,16,0.0723805046465881,0.4417016806067942,2
1,2005,12,17,0.0782725980865291,0.3697478991331827,2
1,2005,12,18,0.0730621001875624,0.3408613444681034,2
1,2005,12,19,0.0835114899146728,0.3203781511899318,2
1,2005,12,20,0.0894254791932479,0.2678571428683973,2
1,2005,12,21,0.0888097123410967,0.2573529411032501,3
1,2005,12,22,0.0833623158389968,0.29306722690307,3
1,2005,12,23,0.0758283187120142,0.4044117646808576,3
1,2005,12,24,0.0653842969801138,0.4406512604806996,3
1,2006,1,1,0.0660637736050527,0.3802521007722795,3
1,2006,1,2,0.076265669979337,0.4543067226241306,3
1,2006,1,3,0.060525968560939,0.4390756302285326,3
1,2006,1,4,0.0634940523941739,0.3881302520331147,3
1,2006,1,5,0.0622256489609403,0.4506302521197743,3
1,2006,1,6,0.0718304252425329,0.3918067226635213,3
1,2006,1,7,0.0772656730757162,0.2998949579117603,3
1,2006,1,8,0.0683761130526608,0.3849789915287806,3
1,2006,1,9,0.054584715482423,0.5688025210323027,3
1,2006,1,10,0.0547620009380154,0.4632352941371107,3
1,2006,1,11,0.0597081951592777,0.5551470587628213,3
1,2006,1,12,0.0589106224023964,0.5383403361150563,3
1,2006,1,13,0.0627847691954646,0.5803571427974941,3
1,2006,1,14,0.0706881699510083,0.4973739495587132,3
1,2006,1,15,0.0770971459352356,0.3256302520725054,3
1,2006,1,16,0.0714319213794497,0.3487394957289386,3
1,2006,1,17,0.0685836288720113,0.4858193276674714,3
1,2006,1,18,0.0665022549677083,0.5309873949802935,3
1,2006,1,19,0.0672190251115662,0.417016806698194,3
1,2006,1,20,0.0586693446247558,0.5168067227107902,3
1,2006,1,21,0.0543400473848806,0.5709033612844918,3
1,2006,1,22,0.0687809737316566,0.4023109243026181,3
1,2006,1,23,0.0703509743954168,0.4422268907328666,3
1,2006,1,24,0.0595181959701507,0.4322478990937919,3
1,2006,1,25,0.0734606040506456,0.4217436974546951,3
1,2006,1,26,0.0774640067899672,0.3287815125768396,3
1,2006,1,27,0.0746017292129342,0.3088235294247404,3
1,2006,1,28,0.0617262830807807,0.4290966385894578,3
1,2006,1,29,0.0550894493577926,0.5094537814499771,3
1,2006,1,30,0.0527405226966106,0.5661764705279906,3
1,2006,1,31,0.06289735609147,0.4522058823719414,3
1,2006,2,1,0.0688579622686938,0.3876050420330926,3
1,2006,2,2,0.0655477386746451,0.4600840336327765,3
1,2006,2,3,0.0507275202549602,0.6102941175886678,3
1,2006,2,4,0.0605073218014795,0.5751050420409707,3
1,2006,2,5,0.0734014147269957,0.4243697478329567,3
1,2006,2,6,0.0738483718894056,0.3834033612766136,3
1,2006,2,7,0.0720264987322151,0.3471638654767716,3
1,2006,2,8,0.076495929217297,0.2893907562726635,3
1,2006,2,9,0.0786103587067387,0.2867647058944018,3
1,2006,2,10,0.0768800241868947,0.3266806721986,3
1,2006,2,11,0.080864215136042,0.4023109243026181,3
1,2006,2,12,0.0799383752875131,0.3167016806855756,3
1,2006,2,20,0.0765606278107873,0.2547268907249885,3
1,2006,2,21,0.0624251127705242,0.3545168067375847,3
1,2006,2,22,0.0657359014291909,0.3844537815287585,3
1,2006,2,23,0.0588781318479726,0.3886554621591871,3
1,2006,2,24,0.0616464692884598,0.3902310924113543,3
1,2006,2,25,0.0659565547381606,0.4385504201024601,3
1,2006,2,26,0.0707982140731842,0.3114495798030021,3
1,2006,2,27,0.0770842909609738,0.288865546146591,3
1,2006,2,28,0.0539878779050888,0.330882352955079,3
1,2006,3,1,0.0517109955757216,0.3634453781245145,3
1,2006,3,2,0.0509495862085233,0.5435924369976299,3
1,2006,3,3,0.0599260232129636,0.3692226890071102,3
1,2006,3,4,0.0692746890673456,0.361344537746275,3
1,2006,3,5,0.0615665142554118,0.3802521007722795,3
1,2006,3,6,0.0668350713826956,0.3723739495114442,3
1,2006,3,7,0.0611810066412206,0.3482142857289165,3
1,2006,3,8,0.064666255500196,0.3665966386288485,3
1,2006,3,9,0.051802392938438,0.5588235293932278,3
1,2006,3,10,0.0432521474209127,0.7011554622143341,3
1,2006,3,11,0.044243957232895,0.6055672268321668,3
1,2006,3,12,0.0442982023513226,0.690651260449187,3
1,2006,3,13,0.0454126287782883,0.7505252100315347,3
1,2006,3,14,0.0452315291789033,0.6591386554058463,3
1,2006,3,15,0.0574214243855628,0.4763655461544692,3
1,2006,3,16,0.0520145704476533,0.4737394957762075,3
1,2006,3,17,0.0525691703008463,0.4317226890937698,3
1,2006,3,18,0.0605813438086027,0.3912815125374488,3
1,2006,3,19,0.0624409342746999,0.4065126050590971,3
1,2006,3,20,0.0622612473199084,0.4243697478329567,3
1,2006,3,21,0.0723882741070941,0.3298319327029341,0
1,2006,3,22,0.0698873481488556,0.3702731092592551,0
1,2006,3,23,0.0640454031681923,0.3928571427896158,0
1,2006,3,24,0.0605854404338495,0.4222689075807675,0
1,2006,3,25,0.0676508671090486,0.4070378150591192,0
1,2006,3,26,0.0680681589723185,0.4112394958155982,0
1,2006,3,27,0.0620469508268513,0.4516806722458689,0
1,2006,3,28,0.0560547016751791,0.5173319327108123,0
1,2006,3,29,0.0542832595265267,0.4868697479196163,0
1,2006,3,30,0.0526718687186006,0.4994747899369526,0
1,2006,3,31,0.0456974156500333,0.6123949579669072,0
1,2006,4,1,0.043400897706601,0.6985294117100223,0
1,2006,4,2,0.0441096158067891,0.5945378150669973,0
1,2006,4,3,0.0445300154746032,0.6071428570843338,0
1,2006,4,4,0.0478725883823486,0.5367647058628893,0
1,2006,4,5,0.0492874818767016,0.5168067227107902,0
1,2006,4,6,0.0496746846847469,0.5504201680063201,0
1,2006,4,7,0.0442457936674762,0.6911764705752594,0
1,2006,4,8,0.0428447439680875,0.6123949579669072,0
1,2006,4,9,0.050120511751824,0.4432773108589612,0
1,2006,4,10,0.052423386545072,0.4842436974153043,0
1,2006,4,11,0.0487020866629389,0.5346638654846498,0
1,2006,4,12,0.0451493139212864,0.6386554621276745,0
1,2006,4,13,0.0471453647634282,0.6995798319621671,0
1,2006,4,14,0.046557991840454,0.6959033613317607,0
1,2006,4,15,0.0500456421647254,0.7263655462490068,0
1,2006,4,16,0.0459078979992978,0.649684873892844,0
1,2006,4,17,0.0425718232159984,0.5194327730890518,0
1,2006,4,18,0.048774413476208,0.5267857142238146,0
1,2006,4,19,0.0468135372030467,0.6276260503625053,0
1,2006,4,20,0.0485036116740576,0.6607142856580133,0
1,2006,4,21,0.0460444996499726,0.6549369747754175,0
1,2006,4,22,0.0437269334478816,0.6691176470449209,0
1,2006,4,23,0.045544568705195,0.6775210084318286,0
1,2006,4,24,0.048372378052496,0.6964285714578331,0
1,2006,4,25,0.0485344070685305,0.6580882352797517,0
1,2006,4,26,0.0456975568907604,0.5372899159889617,0
1,2006,4,27,0.046325331137198,0.5703781512844697,0
1,2006,4,28,0.0457898018673554,0.5540966386367268,0
1,2006,4,29,0.0452473506830791,0.5178571428368848,0
1,2006,4,30,0.045277581012934,0.5357142857367947,0
1,2006,5,1,0.0474024640113414,0.528886554602054,0
1,2006,5,2,0.046936295024854,0.5850840335539951,0
1,2006,5,3,0.0443984993376842,0.6633403361623251,0
1,2006,5,4,0.0487766737007769,0.685924369692686,0
1,2006,5,5,0.0468957524606635,0.7153361344838376,0
1,2006,5,6,0.0483482220231962,0.7421218487706773,0
1,2006,5,7,0.047731890106427,0.5934873949409027,0
1,2006,5,8,0.0505351196005372,0.5598739495193223,0
1,2006,5,9,0.0483297165044638,0.5871848739322347,0
1,2006,5,10,0.0488131196397205,0.6523109243971559,0
1,2006,5,11,0.0460368714301938,0.6864495798187584,0
1,2006,5,12,0.0467842956938943,0.6596638655319187,0
1,2006,5,13,0.0469843245680962,0.6811974789361848,0
1,2006,5,14,0.0445233761094301,0.639180672253747,0
1,2006,5,15,0.0481833677179747,0.6706932772970879,0
1,2006,5,16,0.0474035941405775,0.6439075630102482,0
1,2006,5,17,0.0464047211395311,0.6811974789361848,0
1,2006,5,18,0.0454194094180917,0.7127100839795257,0
1,2006,5,19,0.0453640341704281,0.6664915966666594,0
1,2006,5,20,0.0473316910833929,0.7179621848620992,0
1,2006,5,21,0.0485587043724606,0.7079831932230245,0
1,2006,5,22,0.0466256569638582,0.6565126050275845,0
1,2006,5,23,0.04640825270016,0.5866596638061621,0
1,2006,5,24,0.0481713603236883,0.63760504200158,0
1,2006,6,1,0.0696801148448626,0.8403361344050562,0
1,2006,6,2,0.0653889586699787,0.8581932773049661,0
1,2006,6,3,0.056717085425979,0.7463235294011059,0
1,2006,6,4,0.055809609787649,0.728466386501196,0
1,2006,6,5,0.0492921435665665,0.693802520953521,0
1,2006,6,6,0.0499658284063077,0.6932773109534991,0
1,2006,6,7,0.0557224503248098,0.759978991544537,0
1,2006,6,8,0.0525789174705638,0.7342436975098421,0
1,2006,6,9,0.0565946101195291,0.764180672301016,0
1,2006,6,10,0.0532956875805184,0.7436974790228443,0
1,2006,6,11,0.054317162725544,0.7106092437273366,0
1,2006,6,12,0.0510253033755974,0.6617647059101581,0
1,2006,6,13,0.0525006575635634,0.7347689075098642,0
1,2006,6,14,0.0519878716784272,0.6827731091883518,0
1,2006,6,15,0.0576159439899244,0.7542016806619412,0
1,2006,6,16,0.0618551152370463,0.756827731040203,0
1,2006,6,17,0.068884802278647,0.7794117646966139,0
1,2006,6,18,0.0727969489298826,0.8424369747832956,0
1,2006,6,19,0.0665252809016753,0.8497899159180584,0
1,2006,6,20,0.0691183105618784,0.8450630251615572,0
1,2006,6,21,0.070795106302543,0.8555672269267045,1
1,2006,6,22,0.0829457302810721,0.8860294117179004,1
1,2006,6,23,0.0745411272446908,0.8581932773049661,1
1,2006,6,24,0.0700270575701716,0.841386554657201,1
1,2006,6,25,0.0680538913873664,0.8545168066745594,1
1,2006,6,26,0.0677606287158671,0.8366596639007,1
1,2006,6,27,0.058154439789681,0.8177521008746955,1
1,2006,6,28,0.0666079199492799,0.8492647059180363,1
1,2006,6,29,0.0678929924666647,0.8335084033963658,1
1,2006,6,30,0.0651834205259365,0.796218487344379,1
1,2006,7,1,0.0701878152501462,0.801995798353025,1
1,2006,7,2,0.0829259534262797,0.8860294117179004,1
1,2006,7,3,0.0817027542471014,0.9023109243656432,1
1,2006,7,4,0.0815507549161417,0.8981092437352145,1
1,2006,7,5,0.0689218132822086,0.8581932773049661,1
1,2006,7,6,0.0646846197103949,0.7678571428053722,1
1,2006,7,7,0.0597399794083564,0.7426470587706995,1
1,2006,7,8,0.0597908342068823,0.7415966386446049,1
1,2006,7,9,0.0597707748028293,0.7746848739401129,1
1,2006,7,10,0.0711057443635388,0.8319327731441988,1
1,2006,7,11,0.0746852158405142,0.8797268907092322,1
1,2006,7,12,0.0797291642743086,0.9086134453743112,1
1,2006,7,13,0.0742439092225749,0.8975840336091421,1
1,2006,7,14,0.0763764204407612,0.8392857142789616,1
1,2006,7,15,0.0770529305018828,0.8503151260441308,1
1,2006,7,16,0.0806069746134985,0.8713235294483748,1
1,2006,7,17,0.0855305666907815,0.8923319327265686,1
1,2006,7,18,0.0888239799599519,0.9028361344917156,1
1,2006,7,19,0.0821172208550875,0.8655462184397289,1
1,2006,7,20,0.0784291178666266,0.8834033613396388,1
1,2006,7,21,0.0822320679417586,0.9075630252482167,1
1,2006,7,22,0.0791821926747977,0.8813025209613992,1
1,2006,7,23,0.0729287476160622,0.8319327731441988,1
1,2006,7,24,0.0732734301507055,0.8230042016312187,1
1,2006,7,25,0.0659170009946727,0.8135504201182164,1
1,2006,7,26,0.0779993948190827,0.8461134454137023,1
1,2006,7,27,0.0841625726104347,0.8886554622222123,1
1,2006,7,28,0.0859303419238279,0.8996848739873817,1
1,2006,7,29,0.0814575211188442,0.9080882352482388,1
1,2006,7,30,0.0849713051816269,0.9044117647438829,1
1,2006,7,31,0.0911943786019739,0.9180672268873136,1
1,2006,8,1,0.0938940620983544,0.9411764705437468,1
1,2006,8,9,0.0771231383991165,0.8209033613790295,1
1,2006,8,10,0.0834770216849407,0.7872899159574491,1
1,2006,8,11,0.0653984233243388,0.7888655462096161,1
1,2006,8,12,0.0612829987536299,0.7673319328053501,1
1,2006,8,13,0.0647671175172724,0.7515756302836796,1
1,2006,8,14,0.0709677300682705,0.8167016806225504,1
1,2006,8,15,0.0747196841041495,0.8739495798266366,1
1,2006,8,16,0.0755726320747913,0.8245798318833857,1
1,2006,8,17,0.0695953568473194,0.8109243697399549,1
1,2006,8,18,0.071086391264831,0.8377100840267946,1
1,2006,8,19,0.0765996164896571,0.8497899159180584,1
1,2006,8,20,0.0769587078838828,0.9038865546178104,1
1,2006,8,21,0.0767314151758368,0.8345588235224604,1
1,2006,8,22,0.0748786053495429,0.8182773108747174,1
1,2006,8,23,0.0763364429072856,0.8287815126398648,1
1,2006,8,24,0.0755436731148995,0.8366596639007,1
1,2006,8,25,0.0784318018811832,0.8723739495744693,1
1,2006,8,26,0.0793672476247992,0.8897058823483068,1
1,2006,8,27,0.0789975615147839,0.8802521008353046,1
1,2006,8,28,0.0854418533087186,0.9196428571394808,1
1,2006,8,29,0.0859402303342725,0.9375000000393908,1
1,2006,8,30,0.0717970870742305,0.8366596639007,1
1,2006,8,31,0.0558843381001173,0.7689075630575171,1
1,2006,9,1,0.0483191217547709,0.7426470587706995,1
1,2006,9,2,0.0547127000587132,0.7095588234751915,1
1,2006,9,3,0.0641688672953447,0.7804621848227085,1
1,2006,9,4,0.0519607491192134,0.7836134453270427,1
1,2006,9,5,0.0515082826869632,0.7846638655791875,1
1,2006,9,6,0.0576754158628349,0.7331932772576972,1
1,2006,9,7,0.054698997504476,0.7447478991489389,1
1,2006,9,8,0.0532644683960577,0.7447478991489389,1
1,2006,9,9,0.0556314767520812,0.761554621796704,1
1,2006,9,10,0.0575761077310791,0.7662815125532052,1
1,2006,9,11,0.0539477591308861,0.7142857142316927,1
1,2006,9,12,0.0493932881329035,0.6549369747754175,1
1,2006,9,13,0.0491285606313082,0.68907563019702,1
1,2006,9,14,0.0517189063108579,0.7515756302836796,1
1,2006,9,15,0.0523726729872732,0.7542016806619412,1
1,2006,9,16,0.0526738464278121,0.7347689075098642,1
1,2006,9,17,0.0555854248841473,0.7489495797793677,1
1,2006,9,18,0.0594020775135165,0.7767857143183523,1
1,2006,9,19,0.0573078486688549,0.805147058857359,1
1,2006,9,20,0.0497326026384336,0.7352941176359367,1
1,2006,9,21,0.0483855155421152,0.6292016806146723,1
1,2006,9,22,0.0476300392347448,0.6370798318755075,1
1,2006,9,23,0.0550611966693428,0.8224789916311965,2
1,2006,9,24,0.0558055131624022,0.8608193276832277,2
1,2006,9,25,0.0484928756497344,0.7200630252403388,2
1,2006,9,26,0.047859168377372,0.6754201680535892,2
1,2006,9,27,0.0488845988730142,0.6591386554058463,2
1,2006,9,28,0.0470826438452462,0.7142857142316927,2
1,2006,9,29,0.0452832315574046,0.6491596638928219,2
1,2006,9,30,0.0446516432010777,0.6407563025059142,2
1,2006,10,1,0.0453857887344319,0.6811974789361848,2
1,2006,10,2,0.049425637412697,0.6554621849014899,2
1,2006,10,3,0.0492733555663799,0.7148109243577652,2
1,2006,10,4,0.0517522444452572,0.7547268907880138,2
1,2006,10,5,0.0511545593218507,0.7310924370055081,2
1,2006,10,6,0.0478549304774949,0.6554621849014899,2
1,2006,10,7,0.0519286823547773,0.6743697479274944,2
1,2006,10,8,0.0491371777056928,0.6664915966666594,2
1,2006,10,9,0.0494610945309381,0.6633403361623251,2
1,2006,10,10,0.0469317746096194,0.6896008403230924,2
1,2006,10,11,0.0452294102289647,0.6964285714578331,2
1,2006,10,12,0.04579432228259,0.7116596638534312,2
1,2006,10,13,0.0525419064670022,0.5162815125847178,2
1,2006,10,14,0.0535050398344501,0.4978991596847856,2
1,2006,10,15,0.0541143085960584,0.5131302520803835,2
1,2006,10,16,0.0535587199221629,0.5498949580062982,2
1,2006,10,17,0.0521661460225285,0.6685924369188485,2
1,2006,10,18,0.048722287307719,0.6990546218360947,2
1,2006,10,19,0.0474516236499165,0.6811974789361848,2
1,2006,10,20,0.0469071947903319,0.722163865492528,2
1,2006,10,21,0.0515493903157716,0.5393907562411508,2
1,2006,10,22,0.0529765737197684,0.5414915966193903,2
1,2006,10,23,0.0603046089466242,0.5404411764932957,2
1,2006,10,24,0.0655579096343502,0.4621848738849658,2
1,2006,10,25,0.0641276184258091,0.4879201680457108,2
1,2006,10,26,0.0626375728290001,0.4747899159023021,2
1,2006,10,27,0.0596310653815134,0.5346638654846498,2
1,2006,10,28,0.0529339122056394,0.6439075630102482,2
1,2006,10,29,0.0551715233407792,0.5625000000236344,2
1,2006,10,30,0.0534110997318074,0.5614495797714896,2
1,2006,10,31,0.0487187557131869,0.6486344537667494,2
1,2006,11,1,0.0482056873126933,0.6612394957840857,2
1,2006,11,2,0.051122210008154,0.5546218487627992,2
1,2006,11,3,0.0677965095901926,0.4128151260677653,2
1,2006,11,4,0.0750122404703037,0.3576680672419187,2
1,2006,11,5,0.0724724670739225,0.3834033612766136,2
1,2006,11,6,0.0657917004329391,0.4632352941371107,2
1,2006,11,7,0.0646709171900609,0.560399159645395,2
1,2006,11,8,0.0524352526647281,0.6607142856580133,2
1,2006,11,9,0.0493103665360383,0.6281512604885777,2
1,2006,11,10,0.0477763880551371,0.6449579831363428,2
1,2006,11,11,0.0456596983411266,0.6811974789361848,2
1,2006,11,12,0.0540763087378911,0.6171218487234085,2
1,2006,11,13,0.0533702746183564,0.566701680654063,2
1,2006,11,14,0.0502559832732627,0.618172268849503,2
1,2006,11,15,0.0571081023100105,0.6292016806146723,2
1,2006,11,16,0.0487470084016368,0.7137605042316706,2
1,2006,11,17,0.0556965991355592,0.5519957982584873,2
1,2006,11,18,0.0623584364678225,0.4789915966587811,2
1,2006,11,19,0.0668757552215163,0.4327731092198644,2
1,2006,11,20,0.0661250818786412,0.4364495798502709,2
1,2006,11,21,0.0747312677084481,0.4443277311111062,2
1,2006,11,29,0.0539623092311955,0.6060924369582392,2
1,2006,11,30,0.0495385068240598,0.6806722689361626,2
1,2006,12,1,0.0463569741116464,0.7137605042316706,2
1,2006,12,2,0.0606021095180008,0.4984243696848078,2
1,2006,12,3,0.0694916695410561,0.4453781512372007,2
1,2006,12,4,0.0778702801474596,0.3702731092592551,2
1,2006,12,5,0.0784665526601759,0.3272058823246725,2
1,2006,12,6,0.0776436937447587,0.4070378150591192,2
1,2006,12,7,0.0727371945416146,0.513655462206456,2
1,2006,12,8,0.100326346531906,0.2557773108510831,2
1,2006,12,9,0.0902085018498197,0.2725840336248984,2
1,2006,12,10,0.07364142110077,0.3718487395114222,2
1,2006,12,11,0.0667368933801758,0.4222689075807675,2
1,2006,12,12,0.0710957146445607,0.4558823528762976,2
1,2006,12,13,0.0644450371266083,0.5514705882584652,2
1,2006,12,14,0.0635194797934369,0.4847689075413768,2
1,2006,12,15,0.05994339860246,0.5236344537194804,2
1,2006,12,16,0.0605429201604477,0.4553571428762754,2
1,2006,12,17,0.0624965920038178,0.5094537814499771,2
1,2006,12,18,0.0558052306470447,0.6160714285973139,2
1,2006,12,19,0.056840832102392,0.454831932750203,2
1,2006,12,20,0.0719461199091794,0.3644957982506091,2
1,2006,12,21,0.0677301158367515,0.4332983193459368,3
1,2006,12,22,0.0593556018894981,0.5530462185106322,3
1,2006,12,23,0.0523473868626406,0.6024159663278326,3
1,2006,12,24,0.0619069588901779,0.4254201680851017,3
1,2006,12,25,0.0697876162271121,0.507352941197788,3
1,2006,12,26,0.0616391236179415,0.5782563025453049,3
1,2006,12,27,0.0692568898878615,0.418592436950361,3
1,2006,12,28,0.0731680476844914,0.4002100840504289,3
1,2006,12,29,0.068006285634112,0.4311974789676974,3
1,2006,12,30,0.0641197076567697,0.4306722688416248,3
1,2006,12,31,0.0631459795396289,0.4627100840110382,3
1,2007,1,1,0.0581866478287474,0.6355042016233405,3
1,2007,1,2,0.0664480098492807,0.4438025209850337,3
1,2007,1,3,0.0742412252080183,0.4243697478329567,3
1,2007,1,4,0.063623732130415,0.5877100840583072,3
1,2007,1,5,0.0503486520059422,0.6349789916233184,3
1,2007,1,6,0.0489159593321051,0.6832983193144242,3
1,2007,1,7,0.0599840824412807,0.5519957982584873,3
1,2007,1,8,0.0633041944796772,0.5866596638061621,3
1,2007,1,9,0.0801812069504743,0.4133403360677875,3
1,2007,1,10,0.0837365223981499,0.3419117647202483,3
1,2007,1,11,0.0865903241754286,0.3172268906855978,3
1,2007,1,12,0.0707932698679619,0.5005252100630473,3
1,2007,1,13,0.0569066608251183,0.6281512604885777,3
1,2007,1,14,0.0488675059988752,0.6612394957840857,3
1,2007,1,15,0.0502890388923046,0.6843487394405188,3
1,2007,1,16,0.0620866458449695,0.5388655462411287,3
1,2007,1,17,0.0841032420121545,0.2573529411032501,3
1,2007,1,18,0.0933360719591629,0.3124999999290966,3
1,2007,1,19,0.0775754635567365,0.3933823529156883,3
1,2007,1,20,0.081619550168782,0.3298319327029341,3
1,2007,1,21,0.0920132821328713,0.2578781512293226,3
1,2007,1,22,0.0848235437166411,0.3429621848463429,3
1,2007,1,23,0.0780710153270067,0.3345588234594353,3
1,2007,1,24,0.0827300211773247,0.3019957982899998,3
1,2007,1,25,0.0856442836821197,0.3103991596769075,3
1,2007,1,26,0.0890976070173861,0.2289915965642433,3
1,2007,1,27,0.0667460754852753,0.4574579831284646,3
1,2007,1,28,0.0703022385468295,0.4238445378329346,3
1,2007,1,29,0.1027086113274872,0.2531512604728215,3
1,2007,1,30,0.0872648565951452,0.3025210084160722,3
1,2007,1,31,0.0962855089990351,0.2463235293380807,3
1,2007,2,1,0.0943818443742153,0.29306722690307,3
1,2007,2,2,0.0824089296412664,0.3576680672419187,3
1,2007,2,3,0.0879258277013517,0.3345588234594353,3
1,2007,2,4,0.0898930608243288,0.3550420167376067,3
1,2007,2,5,0.1125896986810706,0.1980042016469749,3
1,2007,2,6,0.1149500676380178,0.1433823529472009,3
1,2007,2,7,0.0917039154418387,0.2400210083294126,3
1,2007,2,8,0.0959706330381622,0.2100840335382388,3
1,2007,2,9,0.0997895458921002,0.2158613445468849,3
1,2007,2,10,0.0952061159003227,0.2452731092119862,3
1,2007,2,11,0.0910405428364331,0.2316176470685553,3
1,2007,2,12,0.0800653710091976,0.3319327730811736,3
1,2007,2,13,0.0858400746564444,0.3897058822852817,3
1,2007,2,14,0.0918820485113097,0.3686974790070881,3
1,2007,2,15,0.10619951069703,0.2048319327817156,3
1,2007,2,16,0.1033098280454257,0.2074579831599772,3
1,2007,2,17,0.1022187101016877,0.2804621848857336,3
1,2007,2,18,0.0934363689116212,0.2914915966509029,3
1,2007,2,19,0.093945905751486,0.2473739495902258,3
1,2007,2,20,0.0695124352504542,0.4989495798108802,3
1,2007,2,21,0.0580821129764118,0.4800420167848757,3
1,2007,2,22,0.0585183341484018,0.477415966406614,3
1,2007,2,23,0.072981297574539,0.3508403361071781,3
1,2007,2,24,0.072410028671098,0.3072478991725734,3
1,2007,2,25,0.0791872781546503,0.3650210083766815,3
1,2007,2,26,0.074017887884492,0.363970588250587,3
1,2007,2,27,0.0644251189971857,0.4028361344286905,3
1,2007,2,28,0.06085087424079,0.3876050420330926,3
1,2007,3,1,0.0627293939817042,0.4700630251458009,3
1,2007,3,2,0.0527540839762175,0.6066176470843117,3
1,2007,3,3,0.0596321954768462,0.5477941176280585,3
1,2007,3,4,0.0762571941795827,0.3891806722852596,3
1,2007,3,5,0.0724995896331363,0.4049369748069301,3
1,2007,3,6,0.0673018054338011,0.2531512604728215,3
1,2007,3,7,0.0663903744109513,0.2809873948857558,3
1,2007,3,8,0.0671940215022909,0.2694327731205643,3
1,2007,3,9,0.0685538222982409,0.3329831932072682,3
1,2007,3,10,0.0587107348028248,0.52573529409772,3
1,2007,3,11,0.048116126350655,0.5173319327108123,3
1,2007,3,12,0.0572657521854408,0.4070378150591192,3
1,2007,3,13,0.0525467094314974,0.5435924369976299,3
1,2007,3,14,0.0463410113667435,0.6759453781796616,3
1,2007,3,15,0.0458981508295804,0.6901260504491649,3
1,2007,3,16,0.0636055091609432,0.4227941175807897,3
1,2007,3,17,0.078097290306245,0.3350840335855077,3
1,2007,3,18,0.0758304376619528,0.3587184873680133,3
1,2007,3,19,0.0720960002902005,0.4091386554373588,3
1,2007,3,20,0.0510641507798369,0.5630252100236566,3
1,2007,3,21,0.0551778801905949,0.4327731092198644,0
1,2007,3,22,0.0549916951113574,0.5913865545626633,0
1,2007,3,23,0.0475355340674842,0.7058823529708353,0
1,2007,3,24,0.0482297020673628,0.52573529409772,0
1,2007,3,25,0.0485062956886142,0.47426470590228,0
1,2007,3,26,0.0468292174325922,0.513655462206456,0
1,2007,3,27,0.0490935273369581,0.7258403361229344,0
1,2007,3,28,0.0487587332466625,0.6092436974625732,0
1,2007,3,29,0.0482873375056922,0.4873949579196384,0
1,2007,3,30,0.052572560620748,0.4621848738849658,0
1,2007,3,31,0.0502826820424888,0.5162815125847178,0
1,2007,4,1,0.0482167058523739,0.5803571427974941,0
1,2007,4,2,0.0486338564749167,0.7337184873837697,0
1,2007,4,3,0.049118389671603,0.5330882352324826,0
1,2007,4,4,0.0477389532615878,0.5756302520409928,0
1,2007,4,5,0.056834333977946,0.4522058823719414,0
1,2007,4,6,0.0647644335027158,0.3923319327895937,0
1,2007,4,7,0.0768492287924218,0.3340336134594131,0
1,2007,4,8,0.0714101668154459,0.3602941176201804,0
1,2007,4,9,0.0662053194609498,0.3765756302679233,0
1,2007,4,10,0.0599130269979747,0.3707983192592772,0
1,2007,4,11,0.067286407719613,0.4427521008589392,0
1,2007,4,12,0.0538652613240086,0.6134453780930018,0
1,2007,4,13,0.0542422931723486,0.4847689075413768,0
1,2007,4,14,0.05674844588507,0.4522058823719414,0
1,2007,4,15,0.0593945905683679,0.5519957982584873,0
1,2007,4,16,0.0624998410829925,0.4427521008589392,0
1,2007,4,17,0.0540070897291663,0.4873949579196384,0
1,2007,4,18,0.0491151406263316,0.4480042016154623,0
1,2007,4,19,0.054406582412952,0.4558823528762976,0
1,2007,4,20,0.0535876788820547,0.4957983193065461,0
1,2007,4,21,0.0516390925185371,0.5441176469976521,0
1,2007,4,22,0.0519028311655266,0.6465336133885098,0
1,2007,4,23,0.050174474320991,0.7179621848620992,0
1,2007,4,24,0.0513314209874553,0.7321428571316027,0
1,2007,4,25,0.0544452885764645,0.693802520953521,0
1,2007,4,26,0.0478152354593767,0.5168067227107902,0
1,2007,4,27,0.0463777398210444,0.6790966386839956,0
1,2007,4,28,0.0444208189324028,0.6491596638928219,0
1,2007,4,29,0.0469206147953085,0.6465336133885098,0
1,2007,4,30,0.0496382387458033,0.726890756249029,0
1,2007,5,1,0.0557976024272659,0.657563025153679,0
1,2007,5,2,0.0572954174845809,0.7478991596532731,0
1,2007,5,3,0.0487782275860975,0.5577731092671332,0
1,2007,5,4,0.0504865250265802,0.56827731090623,0
1,2007,5,5,0.0495465588338264,0.566701680654063,0
1,2007,5,6,0.0486113956055677,0.5225840335933858,0
1,2007,5,7,0.0509302331437187,0.4858193276674714,0
1,2007,5,8,0.0504729637469733,0.560399159645395,0
1,2007,5,9,0.0503890533294055,0.654411764649345,0
1,2007,5,10,0.0541928509845129,0.7006302520882617,0
1,2007,5,11,0.0601442750566373,0.7331932772576972,0
1,2007,5,12,0.0599353465926934,0.6706932772970879,0
1,2007,5,13,0.0506505317518262,0.5598739495193223,0
1,2007,5,14,0.0489201972319823,0.5756302520409928,0
1,2007,5,15,0.052469014589115,0.6964285714578331,0
1,2007,5,16,0.0525125236832195,0.7410714285185325,0
1,2007,5,17,0.0472189629466604,0.632878151245079,0
1,2007,5,18,0.046224751635479,0.5378151259889838,0
1,2007,5,19,0.0501925560497357,0.6087184873365008,0
1,2007,5,20,0.0522622050751097,0.7064075629708575,0
1,2007,5,21,0.0547480158684207,0.6533613445232505,0
1,2007,5,22,0.0549069371138142,0.6071428570843338,0
1,2007,5,23,0.0543038839612945,0.634453781497246,0
1,2007,5,24,0.0561075341490133,0.6486344537667494,0
1,2007,5,25,0.0613365375667124,0.7216386554925058,0
1,2007,5,26,0.0680503597928344,0.7972689075965238,0
1,2007,5,27,0.0704066321245347,0.8146008403703613,0
1,2007,5,28,0.0667405662154349,0.8193277311268625,0
1,2007,5,29,0.0674105781860137,0.7368697478881037,0
1,2007,5,30,0.0697862035825187,0.7158613444838597,0
1,2007,5,31,0.0664011104352745,0.756827731040203,0
1,2007,6,1,0.0654451814976178,0.7788865545705415,0
1,2007,6,2,0.0652985501618681,0.7872899159574491,0
1,2007,6,3,0.0523818551262759,0.7179621848620992,0
1,2007,6,4,0.0596237196770919,0.7841386554531151,0
1,2007,6,5,0.060669774641405,0.8009453781008802,0
1,2007,6,6,0.0579244631009815,0.723739495744695,0
1,2007,6,7,0.066339237097068,0.7725840335618732,0
1,2007,6,8,0.0796362130262717,0.9023109243656432,0
1,2007,6,9,0.0789040451682258,0.8356092436485549,0
1,2007,6,10,0.0691457156703529,0.7153361344838376,0
1,2007,6,11,0.0634933460549256,0.7442226890228665,0
1,2007,6,12,0.0642070083942391,0.7725840335618732,0
1,2007,6,13,0.0639621990559697,0.7174369747360267,0
1,2007,6,14,0.051016827575843,0.6444327731363206,0
1,2007,6,15,0.048983341940152,0.6601890756579911,0
1,2007,6,16,0.0571124814845179,0.723739495744695,0
1,2007,6,17,0.067297708774651,0.8082983193616933,0
1,2007,6,18,0.0779546143550151,0.8771008403309706,0
1,2007,6,19,0.0781715948287256,0.8823529412135442,0
1,2007,6,20,0.0701407745615097,0.8030462184791196,0
1,2007,6,21,0.0664782402130388,0.7941176470921898,1
1,2007,6,22,0.0684442019660528,0.8072478991095482,1
1,2007,6,23,0.0695392752943106,0.7452731092750113,1
1,2007,6,24,0.0707085118704187,0.7767857143183523,1
1,2007,6,25,0.0730806057062948,0.838235294152867,1
1,2007,6,26,0.0781773866139233,0.8718487394483969,1
1,2007,6,27,0.0789081418273758,0.9049369747439048,1
1,2007,6,28,0.08078666156829,0.9070378151221444,1
1,2007,6,29,0.0728932905317244,0.8366596639007,1
1,2007,6,30,0.0695445020487935,0.7951680672182844,1
1,2007,7,1,0.0657140055905568,0.7683823529314446,1
1,2007,7,2,0.061849040902588,0.7137605042316706,1
1,2007,7,3,0.0640044367801109,0.7247899159968398,1
1,2007,7,4,0.0740451517183361,0.8172268907486229,1
1,2007,7,5,0.0717319646907525,0.8534663865484649,1
1,2007,7,6,0.0774549659594981,0.8571428571788715,1
1,2007,7,7,0.0794483327870833,0.8618697479353725,1
1,2007,7,8,0.0840844539780647,0.8797268907092322,1
1,2007,7,9,0.0909302161988998,0.9264705882742216,1
1,2007,7,10,0.081050682730637,0.8981092437352145,1
1,2007,7,11,0.0743447712396512,0.877626050457043,1
1,2007,7,12,0.0711886659265008,0.835084033648533,1
1,2007,7,13,0.060514667505901,0.8188025210007901,1
1,2007,7,14,0.0696897207399497,0.8245798318833857,1
1,2007,7,15,0.0786973769288507,0.8797268907092322,1
1,2007,7,16,0.0755072271759559,0.8949579832308805,1
1,2007,7,17,0.0740482594889772,0.8834033613396388,1
1,2007,7,18,0.0830143842590821,0.874474789952709,1
1,2007,7,19,0.0850985834186687,0.9012605042395488,1
1,2007,7,20,0.074355931020059,0.8198529411268847,1
1,2007,7,21,0.0660372161104569,0.7531512605358466,1
1,2007,7,22,0.0628497503382155,0.7736344538140183,1
1,2007,7,23,0.0651247962669046,0.8046218487312866,1
1,2007,7,24,0.0556074619635085,0.800420168100858,1
1,2007,7,25,0.0568591963464941,0.8056722688573812,1
1,2007,7,26,0.0726497525295148,0.8235294117572911,1
1,2007,7,27,0.0739387804314194,0.838235294152867,1
1,2007,7,28,0.0756226392933417,0.839810924405034,1
1,2007,7,29,0.0781810594491825,0.8366596639007,1
1,2007,7,30,0.0705983264736126,0.8146008403703613,1
1,2007,7,31,0.0780413500278665,0.8251050420094581,1
1,2007,8,1,0.0833080707205692,0.8455882352876298,1
1,2007,8,2,0.0841843271744385,0.8545168066745594,1
1,2007,8,3,0.0852755863928069,0.8692226890701353,1
1,2007,8,4,0.0907695997935555,0.903361344491738,1
1,2007,8,5,0.086797133689434,0.8802521008353046,1
1,2007,8,6,0.0872641502558969,0.8902310924743793,1
1,2007,8,7,0.0933689863035744,0.9375000000393908,1
1,2007,8,8,0.1023755123971425,0.9795168067218284,1
1,2007,8,9,0.1066115758397202,0.913865546256885,1
1,2007,8,10,0.0990109024100359,0.8623949579353947,1
1,2007,8,11,0.0914510540938026,0.7573529411662754,1
1,2007,8,12,0.0872306708468673,0.7752100840661853,1
1,2007,8,13,0.0874266030958224,0.8329831932702934,1
1,2007,8,14,0.0759807418329616,0.8082983193616933,1
1,2007,8,15,0.0790224238494288,0.8324579831442209,1
1,2007,8,16,0.0875766247514738,0.906512604996072,1
1,2007,8,17,0.0883523017036241,0.8629201680614671,1
1,2007,8,18,0.0752521056033509,0.8193277311268625,1
1,2007,8,19,0.0800645234292221,0.7983193277226184,1
1,2007,8,20,0.087785694490048,0.803571428605192,1
1,2007,8,21,0.0792665268823531,0.8387605041528892,1
1,2007,8,22,0.0773156802942667,0.7883403360835437,1
1,2007,8,23,0.073305779430499,0.7799369748226863,1
1,2007,8,24,0.0863288457530079,0.8219537815051241,1
1,2007,8,25,0.0945806018784541,0.9086134453743112,1
1,2007,8,26,0.0758315677572857,0.8576680671788937,1
1,2007,8,27,0.0768418830880003,0.8287815126398648,1
1,2007,8,28,0.0789406323817996,0.7925420168400228,1
1,2007,8,29,0.0822812275803336,0.764180672301016,1
1,2007,8,30,0.0794579386821704,0.764180672301016,1
1,2007,8,31,0.078065364782536,0.799369747848713,1
1,2007,9,1,0.0671411890284568,0.759978991544537,1
1,2007,9,2,0.0654809210973131,0.7431722688967719,1
1,2007,9,3,0.0700112360659958,0.763130252048871,1
1,2007,9,4,0.0730580035623155,0.8014705882269526,1
1,2007,9,5,0.0742604370320958,0.8082983193616933,1
1,2007,9,6,0.0763696398009577,0.8172268907486229,1
1,2007,9,7,0.0790448847187777,0.8103991596138824,1
1,2007,9,8,0.0792121404892952,0.7851890755792097,1
1,2007,9,9,0.0747119146097403,0.8240546218833635,1
1,2007,9,10,0.0739654792006455,0.8634453781875395,1
1,2007,9,11,0.0682902249258816,0.8912815126004738,1
1,2007,9,12,0.0617933831734701,0.803571428605192,1
1,2007,9,13,0.0554529198926225,0.7526260504097741,1
1,2007,9,14,0.0541054090063164,0.7878151260835216,1
1,2007,9,15,0.0531975095779986,0.7452731092750113,1
1,2007,9,16,0.0472749032250389,0.6355042016233405,1
1,2007,9,17,0.0483501996985044,0.6554621849014899,1
1,2007,9,18,0.0486741165237497,0.6896008403230924,1
1,2007,9,19,0.0499844751657672,0.7179621848620992,1
1,2007,9,20,0.0513304321667528,0.725315125996862,1
1,2007,9,21,0.0509430881179805,0.7668067226792776,1
1,2007,9,22,0.0651160379178897,0.8235294117572911,1
1,2007,9,23,0.0699603812674699,0.7715336134357786,2
1,2007,9,24,0.0618716430465672,0.7027310924665013,2
1,2007,9,25,0.0627573641208934,0.7379201680141982,2
1,2007,9,26,0.0668222164084338,0.8040966386052142,2
1,2007,9,27,0.0648946783035749,0.7899159663357107,2
1,2007,9,28,0.0563637858508543,0.7815126050748535,2
1,2007,9,29,0.0492506121477704,0.6995798319621671,2
1,2007,9,30,0.0483066906044,0.6685924369188485,2
1,2007,10,1,0.0491371777056928,0.6790966386839956,2
1,2007,10,2,0.0506402195174907,0.7389705882663433,2
1,2007,10,3,0.0573813056113601,0.796218487344379,2
1,2007,10,4,0.0611171555938027,0.7783613445705193,2
1,2007,10,5,0.0620021703627837,0.7830882353270205,2
1,2007,10,6,0.0622849795592205,0.7920168067139504,2
1,2007,10,7,0.0645675124330582,0.8146008403703613,2
1,2007,10,8,0.0676005773751408,0.8151260503703834,2
1,2007,10,9,0.066597325199587,0.8518907562962978,2
1,2007,10,10,0.0579426860704533,0.7773109243183745,2
1,2007,10,11,0.0459884180969638,0.6801470588100902,2
1,2007,10,12,0.046678771986953,0.6323529411190065,2
1,2007,10,13,0.0474557203090665,0.6134453780930018,2
1,2007,10,14,0.0476947378621383,0.5913865545626633,2
1,2007,10,15,0.0485081320892921,0.6066176470843117,2
1,2007,10,16,0.047520560177187,0.672268907549255,2
1,2007,10,17,0.0491392966556314,0.7184873949881716,2
1,2007,10,18,0.0501559688361618,0.7652310924271106,2
1,2007,10,19,0.0502438346382493,0.8161764706225283,2
1,2007,10,20,0.0459717490128126,0.7247899159968398,2
1,2007,10,21,0.048022044973382,0.6706932772970879,2
1,2007,10,22,0.0487920713810618,0.7316176470055302,2
1,2007,10,23,0.0494034590926087,0.8046218487312866,2
1,2007,10,24,0.0509216160693341,0.8025210083530472,2
1,2007,10,25,0.0502032920401557,0.6943277310795937,2
1,2007,10,26,0.0514793236931682,0.7478991596532731,2
1,2007,10,27,0.0477335852663778,0.7310924370055081,2
1,2007,10,28,0.0492637496373896,0.602941176453905,2
1,2007,10,29,0.0593612524339687,0.4695378151457789,2
1,2007,10,30,0.0610922932591577,0.4779411764066362,2
1,2007,10,31,0.0569107574503652,0.5688025210323027,2
1,2007,11,1,0.0521590828334644,0.672268907549255,2
1,2007,11,2,0.0560624711695883,0.563550420149729,2
1,2007,11,3,0.0601564236916508,0.5430672268715575,2
1,2007,11,4,0.0566153758289272,0.5351890756107223,2
1,2007,11,5,0.057704516097357,0.5110294117021441,2
1,2007,11,6,0.0570538571915828,0.5225840335933858,2
1,2007,11,7,0.06732963429836,0.4579831932545371,2
1,2007,11,8,0.0761775216618921,0.3965336134200224,2
1,2007,11,9,0.066140903382817,0.439600840354605,2
1,2007,11,10,0.0637058061134015,0.4464285713632953,2
1,2007,11,11,0.068007415763348,0.4122899159416928,2
1,2007,11,12,0.0559686723076728,0.510504201702122,2
1,2007,11,13,0.0505845617883728,0.5987394958234764,2
1,2007,11,14,0.0500624525235069,0.651260504145011,2
1,2007,11,15,0.0578072145490145,0.5519957982584873,2
1,2007,11,16,0.0697150068645824,0.4301470588416028,2
1,2007,11,17,0.0715004340828294,0.4285714285894357,2
1,2007,11,18,0.0624181908560904,0.4905462184239725,2
1,2007,11,19,0.057870924287899,0.505777310945621,2
1,2007,11,20,0.0544279131869681,0.5330882352324826,2
1,2007,11,21,0.0536581692946458,0.6155462184712415,2
1,2007,11,22,0.0500707870486309,0.6838235294404968,2
1,2007,11,23,0.0658208006674612,0.4133403360677875,2
1,2007,11,24,0.0793350395857328,0.3429621848463429,2
1,2007,11,25,0.0660196994463302,0.4443277311111062,2
1,2007,11,26,0.0619795682188045,0.6228991596060043,2
1,2007,11,27,0.0560063896165795,0.5824579831757335,2
1,2007,11,28,0.0657128754952239,0.4044117646808576,2
1,2007,11,29,0.0673364149381635,0.4474789916154403,2
1,2007,11,30,0.069044006073301,0.3939075630417608,2
1,2007,12,1,0.0671081334094149,0.363970588250587,2
1,2007,12,2,0.0714627167739227,0.4480042016154623,2
1,2007,12,3,0.0687222081979944,0.5126050419543111,2
1,2007,12,4,0.0838598452845752,0.3492647058550111,2
1,2007,12,5,0.0828318720490068,0.3146008403073361,2
1,2007,12,6,0.085965940282796,0.2521008403467269,2
1,2007,12,7,0.0869098618261664,0.3319327730811736,2
1,2007,12,8,0.062851304223536,0.4322478990937919,2
1,2007,12,9,0.0544575784861083,0.4900210084239504,2
1,2007,12,10,0.0520811054757247,0.6533613445232505,2
1,2007,12,11,0.0507355722647268,0.5131302520803835,2
1,2007,12,12,0.0527700467550236,0.6228991596060043,2
1,2007,12,13,0.0582250714769024,0.4858193276674714,2
1,2007,12,14,0.0595008205806543,0.4233193277068621,2
1,2007,12,15,0.0818290436634407,0.3949579831678554,2
1,2007,12,16,0.0803269907062486,0.5078781511978101,2
1,2007,12,17,0.0884565540406022,0.3266806721986,2
1,2007,12,18,0.0862689501240129,0.29306722690307,2
1,2007,12,19,0.0798373719958064,0.3697478991331827,2
1,2007,12,20,0.0756552711223959,0.3219537814420989,2
1,2007,12,21,0.0808899250506624,0.4012605041765235,3
1,2007,12,22,0.0727621981508899,0.4810924369109703,3
1,2007,12,23,0.0667510196904975,0.596638655445237,3
1,2007,12,24,0.0698893258241639,0.4637605041371328,3
1,2007,12,25,0.0651447143963273,0.3886554621591871,3
1,2007,12,26,0.0718756294965882,0.3897058822852817,3
1,2007,12,27,0.06807013668153,0.4275210083372908,3
1,2007,12,28,0.0723321925879885,0.4469537814893677,3
1,2007,12,29,0.0617090489659146,0.5777310924192325,3
1,2007,12,30,0.0691033366715813,0.4438025209850337,3
1,2007,12,31,0.0691232548010039,0.420168067202528,3
1,2008,1,1,0.0763019746436503,0.4606092436327987,3
1,2008,1,2,0.1113211539732067,0.2893907562726635,3
1,2008,1,3,0.1112742545592005,0.2069327730339047,3
1,2008,1,4,0.0990794151134156,0.2284663865642213,3
1,2008,1,5,0.0808911964206255,0.3566176469897739,3
1,2008,1,6,0.0629689765993939,0.5010504201891197,3
1,2008,1,7,0.0579376005906007,0.6139705882190745,3
1,2008,1,8,0.0532284462471019,0.6260504201103383,3
1,2008,1,9,0.0515146395367789,0.6265756302364107,3
1,2008,1,10,0.0701270720072725,0.4474789916154403,3
1,2008,1,11,0.0616411012932498,0.6213235293538371,3
1,2008,1,12,0.0667628858101536,0.4543067226241306,3
1,2008,1,13,0.0759671805533547,0.4017857143025959,3
1,2008,1,14,0.0836072664518966,0.3970588235460948,3
1,2008,1,15,0.0887188800429984,0.3061974789204285,3
1,2008,1,16,0.0878566086587237,0.3072478991725734,3
1,2008,1,17,0.0931022811266708,0.3644957982506091,3
1,2008,1,18,0.0784127313317359,0.3849789915287806,3
1,2008,1,19,0.0817493711457502,0.3219537814420989,3
1,2008,1,20,0.107296420459869,0.2242647058077421,3
1,2008,1,21,0.1126654158142415,0.1664915966036341,3
1,2008,1,22,0.0945524904646346,0.3240546218203384,3
1,2008,1,23,0.0756946835912534,0.3707983192592772,3
1,2008,1,24,0.0937084420837348,0.2967436974074262,3
1,2008,1,25,0.1010205145317846,0.2158613445468849,3
1,2008,1,26,0.0837238086985184,0.2851890756422348,3
1,2008,1,27,0.0747692675327122,0.3282563024507671,3
1,2008,1,28,0.074979326091989,0.3082983192986679,3
1,2008,1,29,0.0659325399834911,0.4038865545547851,3
1,2008,1,30,0.068690000158928,0.4779411764066362,3
1,2008,1,31,0.0846480946617268,0.3240546218203384,3
1,2008,2,1,0.088040250998035,0.5215336134672912,3
1,2008,2,2,0.0731438916551916,0.4049369748069301,3
1,2008,2,3,0.0655244302253207,0.4264705882111962,3
1,2008,2,4,0.0596696302703955,0.5141806722064781,3
1,2008,2,5,0.0523239371386859,0.636029411749413,3
1,2008,2,6,0.0487505399622656,0.7274159663751014,3
1,2008,2,7,0.0583581415330452,0.5751050420409707,3
1,2008,2,8,0.0652580075637745,0.3907563025374267,3
1,2008,2,9,0.0615929305092805,0.4527310923719634,3
1,2008,2,10,0.0655645489995234,0.4858193276674714,3
1,2008,2,11,0.0899868596862443,0.2163865545469069,3
1,2008,2,12,0.0959038154947334,0.3692226890071102,3
1,2008,2,13,0.0864970903781311,0.5194327730890518,3
1,2008,2,14,0.0833108960097561,0.2925420167769975,3
1,2008,2,15,0.0700118011306138,0.4590336133806317,3
1,2008,2,16,0.0576925087030707,0.359768907494108,3
1,2008,2,17,0.0698271699706,0.4459033613632732,3
1,2008,2,18,0.0585782297773968,0.6102941175886678,3
1,2008,2,19,0.0744330607978233,0.4385504201024601,3
1,2008,2,20,0.0791752707603639,0.3524159663593452,3
1,2008,2,21,0.0886797500894982,0.2426470588337246,3
1,2008,2,22,0.0862467717700214,0.3272058823246725,3
1,2008,2,23,0.0689336794018646,0.3550420167376067,3
1,2008,2,24,0.0812589048892358,0.3282563024507671,3
1,2008,2,25,0.0681259356852782,0.3576680672419187,3
1,2008,2,26,0.0662239662204093,0.5036764705673813,3
1,2008,2,27,0.0870440620115452,0.4007352940504511,3
1,2008,2,28,0.0948264000713293,0.2431722688337467,3
1,2008,2,29,0.0833368884397338,0.3335084033333407,3
1,2008,3,1,0.0606637003069467,0.4763655461544692,3
1,2008,3,2,0.0621520507438048,0.3676470587549431,3
1,2008,3,3,0.0567186393112996,0.4973739495587132,3
1,2008,3,4,0.0482304084066111,0.6323529411190065,3
1,2008,3,5,0.0544434521418833,0.5793067226713995,3
1,2008,3,6,0.061429912604737,0.4338235293459589,3
1,2008,3,7,0.0645925160423335,0.5446428571237245,3
1,2008,3,8,0.0663444638515509,0.6102941175886678,3
1,2008,3,9,0.0787074066139256,0.34453781509851,3
1,2008,3,10,0.0673607122420936,0.3886554621591871,3
1,2008,3,11,0.0575584498262253,0.4569327731284425,3
1,2008,3,12,0.058069116761423,0.4936974789283067,3
1,2008,3,13,0.0557155284103761,0.4826680671631373,3
1,2008,3,14,0.047659704533885,0.6407563025059142,3
1,2008,3,15,0.0489467547265781,0.5614495797714896,3
1,2008,3,16,0.0531527291139311,0.454831932750203,3
1,2008,3,17,0.061912891950006,0.3897058822852817,3
1,2008,3,18,0.0626262717400589,0.4474789916154403,3
1,2008,3,19,0.0508398246017049,0.672268907549255,3
1,2008,3,20,0.0539562349306404,0.5593487395193004,3
1,2008,3,21,0.054268003086969,0.4800420167848757,0
1,2008,3,22,0.0512944100177969,0.5068277310717155,0
1,2008,3,23,0.057658322988696,0.3876050420330926,0
1,2008,3,24,0.0663236981421528,0.4017857143025959,0
1,2008,3,25,0.0677003092629811,0.4117647058156203,0
1,2008,3,26,0.0542540180173743,0.5934873949409027,0
1,2008,3,27,0.0467544891201238,0.6449579831363428,0
1,2008,3,28,0.0438236988397111,0.7011554622143341,0
1,2008,3,29,0.0490329253687147,0.417016806698194,0
1,2008,3,30,0.0667539862204115,0.4023109243026181,0
1,2008,3,31,0.0657224813903111,0.5787815125453271,0
1,2008,4,1,0.050947043468597,0.690651260449187,0
1,2008,4,2,0.0475007832884915,0.5157563024586453,0
1,2008,4,3,0.0618806839109396,0.4627100840110382,0
1,2008,4,4,0.0567706242390615,0.639180672253747,0
1,2008,4,5,0.0477722914298903,0.6213235293538371,0
1,2008,4,6,0.0568738877214339,0.4889705881718055,0
1,2008,4,7,0.0584626763853807,0.4390756302285326,0
1,2008,4,8,0.0543085456511594,0.4606092436327987,0
1,2008,4,9,0.0492578165775615,0.489495798297878,0
1,2008,4,10,0.0480988922357889,0.5761554621670653,0
1,2008,4,11,0.0469408154739917,0.6748949579275165,0
1,2008,4,12,0.0458741360749109,0.7473739495272005,0
1,2008,4,13,0.0493691321036037,0.5777310924192325,0
1,2008,4,14,0.0618247436325611,0.4506302521197743,0
1,2008,4,15,0.0582346773719896,0.453256302498036,0
1,2008,4,16,0.0566775316824911,0.4763655461544692,0
1,2008,4,17,0.0517824748090153,0.530462184854221,0
1,2008,4,18,0.0487348597327201,0.6733193276753495,0
1,2008,4,19,0.0443798525782247,0.7158613444838597,0
1,2008,4,20,0.0449652477919874,0.6743697479274944,0
1,2008,4,21,0.048126156069633,0.6092436974625732,0
1,2008,4,22,0.0476108274445705,0.6491596638928219,0
1,2008,4,23,0.0471312384192033,0.6517857142710834,0
1,2008,4,24,0.0487323169927938,0.6601890756579911,0
1,2008,4,25,0.0480979033811832,0.7142857142316927,0
1,2008,4,26,0.0496099860573534,0.7484243697793456,0
1,2008,4,27,0.0465534714252194,0.6087184873365008,0
1,2008,4,28,0.0465635011102943,0.6397058823798196,0
1,2008,4,29,0.0505986880986946,0.5866596638061621,0
1,2008,4,30,0.0525304641373338,0.5614495797714896,0
1,2008,5,1,0.0483223708339455,0.602941176453905,0
1,2008,5,2,0.0480356062529889,0.7410714285185325,0
1,2008,5,3,0.0474503522799533,0.75840336129237,0
1,2008,5,4,0.0480408330074718,0.7195378151142662,0
1,2008,5,5,0.047359519981855,0.6102941175886678,0
1,2008,5,6,0.0477287823018827,0.651260504145011,0
1,2008,5,7,0.0495519268290364,0.7436974790228443,0
1,2008,5,8,0.048952546545679,0.7174369747360267,0
1,2008,5,9,0.0468416486168662,0.7001050419621893,0
1,2008,5,10,0.0460340461410069,0.5661764705279906,0
1,2008,5,11,0.0466824448222121,0.5672268907801354,0
1,2008,5,12,0.0508025310827859,0.507352941197788,0
1,2008,5,13,0.0491350587557542,0.5693277310323248,0
1,2008,5,14,0.0470966289148409,0.6318277311189844,0
1,2008,5,15,0.0473268881528009,0.7111344537273585,0
1,2008,5,16,0.0472227770565499,0.7022058823404289,0
1,2008,5,17,0.0455941521337578,0.6696428571709934,0
1,2008,5,18,0.0452654323779206,0.7058823529708353,0
1,2008,5,19,0.0474781811784155,0.6460084033884876,0
1,2008,5,20,0.0467316044607872,0.6701680671710155,0
1,2008,5,21,0.0462179709956755,0.6318277311189844,0
1,2008,5,22,0.0474434303994228,0.654411764649345,0
1,2008,5,23,0.0470668223410704,0.6218487394799097,0
1,2008,5,24,0.0500268541645387,0.6633403361623251,0
1,2008,5,25,0.0517670770948272,0.6607142856580133,0
1,2008,5,26,0.0565809075652919,0.7436974790228443,0
1,2008,5,27,0.0596276750616117,0.8109243697399549,0
1,2008,5,28,0.0491620400403377,0.6260504201103383,0
1,2008,5,29,0.0495296072343177,0.6123949579669072,0
1,2008,5,30,0.0574964352133885,0.7226890756186004,0
1,2008,5,31,0.0649233547481093,0.8224789916311965,0
1,2008,6,1,0.0614238383041818,0.806722689109526,0
1,2008,6,2,0.0595203149200892,0.7216386554925058,0
1,2008,6,3,0.0558649850353127,0.7431722688967719,0
1,2008,6,4,0.068779419846336,0.8298319327659593,0
1,2008,6,5,0.0796893280154633,0.7883403360835437,0
1,2008,6,6,0.0863344962974786,0.7851890755792097,0
1,2008,6,7,0.0882577965363635,0.9348739495350786,0
1,2008,6,8,0.0898362729659748,0.9511554621828217,0
1,2008,6,9,0.0905451323407932,0.9553571428132503,0
1,2008,6,10,0.0854501878677458,0.971638655460993,0
1,2008,6,11,0.0755802602945701,0.8686974789440629,0
1,2008,6,12,0.0725754480409374,0.8419117646572232,0
1,2008,6,13,0.0765941072198168,0.8340336133963879,0
1,2008,6,14,0.0690240879438784,0.8697478991962078,0
1,2008,6,15,0.0706131591231826,0.8272058823876978,0
1,2008,6,16,0.0708212400071511,0.8455882352876298,0
1,2008,6,17,0.0618326543676974,0.8025210083530472,0
1,2008,6,18,0.0552082517950802,0.7804621848227085,0
1,2008,6,19,0.0575790742609931,0.7578781512923478,0
1,2008,6,20,0.0588709274181814,0.7920168067139504,0
1,2008,6,21,0.0639092253075052,0.8266806722616251,1
1,2008,6,22,0.0615732948952152,0.8266806722616251,1
1,2008,6,23,0.0652992564672133,0.839810924405034,1
1,2008,6,24,0.0651893535857645,0.806722689109526,1
1,2008,6,25,0.0684447670306708,0.8340336133963879,1
1,2008,6,26,0.0719786104636032,0.9212184873916478,1
1,2008,6,27,0.0679123455314694,0.9206932772655754,1
1,2008,6,28,0.0692984213066577,0.9296218487785556,1
1,2008,6,29,0.0615982985044905,0.9375000000393908,1
1,2008,6,30,0.038167797663655,0.7878151260835216,1
